JDay,0,1,2,3,4,5,6,7,8,9,10,11,12,13,14,15,16,17,18,19,20,21,22,23
1.0,0.0,0.0,0.0,0.0,0.0,0.0,0.0,0.0,3.9266666666666663,25.306250000000002,45.47125,54.846666666666664,54.70708333333334,43.53875,27.265416666666667,8.526666666666667,0.0,0.0,0.0,0.0,0.0,0.0,0.0,0.0
2.0,0.0,0.0,0.0,0.0,0.0,0.0,0.0,0.0,4.183333333333334,29.11791666666667,52.62291666666667,69.21124999999999,70.06041666666667,58.63625,36.23083333333333,10.325416666666667,0.0,0.0,0.0,0.0,0.0,0.0,0.0,0.0
3.0,0.0,0.0,0.0,0.0,0.0,0.0,0.0,0.0,4.174166666666667,25.57375,43.4475,58.10041666666667,61.21083333333333,49.919999999999995,31.242083333333337,9.947083333333333,0.0,0.0,0.0,0.0,0.0,0.0,0.0,0.0
4.0,0.0,0.0,0.0,0.0,0.0,0.0,0.0,0.0,3.9783333333333335,27.0925,44.23708333333334,55.69541666666667,58.74916666666667,48.42291666666667,31.88416666666667,10.346666666666666,0.0,0.0,0.0,0.0,0.0,0.0,0.0,0.0
5.0,0.0,0.0,0.0,0.0,0.0,0.0,0.0,0.0,4.200833333333333,27.66625,50.772083333333335,63.565416666666664,63.92666666666667,52.594166666666666,31.749166666666667,10.510416666666666,0.0,0.0,0.0,0.0,0.0,0.0,0.0,0.0
6.0,0.0,0.0,0.0,0.0,0.0,0.0,0.0,0.0,4.043333333333334,28.408749999999998,48.752916666666664,60.574999999999996,64.34458333333333,53.13625,34.91416666666667,12.284583333333332,0.0,0.0,0.0,0.0,0.0,0.0,0.0,0.0
7.0,0.0,0.0,0.0,0.0,0.0,0.0,0.0,0.0,4.495833333333334,28.5625,47.43208333333333,61.94541666666667,62.10666666666666,55.025,35.225,13.077083333333334,0.0,0.0,0.0,0.0,0.0,0.0,0.0,0.0
8.0,0.0,0.0,0.0,0.0,0.0,0.0,0.0,0.0,4.1275,27.13875,41.15208333333333,54.945,59.714166666666664,49.86041666666666,32.97125,13.268333333333333,0.0,0.0,0.0,0.0,0.0,0.0,0.0,0.0
9.0,0.0,0.0,0.0,0.0,0.0,0.0,0.0,0.0,4.568333333333333,31.199583333333333,57.062916666666666,74.86625,78.145,63.5225,39.954166666666666,15.737916666666665,0.0,0.0,0.0,0.0,0.0,0.0,0.0,0.0
10.0,0.0,0.0,0.0,0.0,0.0,0.0,0.0,0.0,4.36125,25.200833333333335,43.370000000000005,60.80041666666667,62.837916666666665,54.142500000000005,35.46208333333333,14.34375,0.0,0.0,0.0,0.0,0.0,0.0,0.0,0.0
11.0,0.0,0.0,0.0,0.0,0.0,0.0,0.0,0.0,5.245,31.349166666666665,53.874583333333334,70.60833333333333,73.26916666666666,58.35208333333333,37.040416666666665,15.583333333333334,0.0,0.0,0.0,0.0,0.0,0.0,0.0,0.0
12.0,0.0,0.0,0.0,0.0,0.0,0.0,0.0,0.0,5.074166666666667,28.745,45.6525,57.34583333333333,60.562083333333334,52.06875,36.979166666666664,16.289583333333333,0.0,0.0,0.0,0.0,0.0,0.0,0.0,0.0
13.0,0.0,0.0,0.0,0.0,0.0,0.0,0.0,0.0,5.766666666666667,31.114583333333332,55.93208333333333,73.16416666666667,77.37208333333334,64.71041666666666,43.61291666666667,19.044583333333332,0.0,0.0,0.0,0.0,0.0,0.0,0.0,0.0
14.0,0.0,0.0,0.0,0.0,0.0,0.0,0.0,0.0,5.457916666666667,31.25791666666667,58.312083333333334,70.19666666666667,72.89083333333333,61.99666666666667,41.23083333333333,18.784583333333334,0.0,0.0,0.0,0.0,0.0,0.0,0.0,0.0
15.0,0.0,0.0,0.0,0.0,0.0,0.0,0.0,0.0,5.6875,30.593333333333334,49.70249999999999,68.69083333333333,74.57666666666667,65.89333333333333,45.51791666666667,21.53,0.0,0.0,0.0,0.0,0.0,0.0,0.0,0.0
16.0,0.0,0.0,0.0,0.0,0.0,0.0,0.0,0.0,6.212916666666666,33.73458333333333,56.879583333333336,75.13166666666667,77.77,68.05166666666666,46.694583333333334,22.179166666666664,0.0,0.0,0.0,0.0,0.0,0.0,0.0,0.0
17.0,0.0,0.0,0.0,0.0,0.0,0.0,0.0,0.0,6.743333333333333,32.82833333333333,58.770833333333336,78.45666666666666,84.22458333333334,73.115,48.85,22.079166666666666,0.14875000000000002,0.0,0.0,0.0,0.0,0.0,0.0,0.0
18.0,0.0,0.0,0.0,0.0,0.0,0.0,0.0,0.0,7.263333333333333,37.73833333333334,65.48958333333333,84.92125,84.54916666666666,72.95791666666666,50.782916666666665,22.914583333333336,1.4070833333333332,0.0,0.0,0.0,0.0,0.0,0.0,0.0
19.0,0.0,0.0,0.0,0.0,0.0,0.0,0.0,0.0,7.727916666666666,36.452083333333334,67.42791666666666,83.96541666666667,86.95666666666666,76.20458333333333,53.78041666666667,23.60625,1.6624999999999999,0.0,0.0,0.0,0.0,0.0,0.0,0.0
20.0,0.0,0.0,0.0,0.0,0.0,0.0,0.0,0.0,7.61375,33.42333333333333,60.24375,77.55416666666666,81.76166666666667,71.795,50.00541666666667,21.737916666666667,1.77625,0.0,0.0,0.0,0.0,0.0,0.0,0.0
21.0,0.0,0.0,0.0,0.0,0.0,0.0,0.0,0.0,7.879166666666666,34.87166666666667,59.58291666666667,75.13125000000001,80.62041666666666,68.51625,47.32125,23.604166666666668,2.0220833333333332,0.0,0.0,0.0,0.0,0.0,0.0,0.0
22.0,0.0,0.0,0.0,0.0,0.0,0.0,0.0,0.0,8.656666666666666,38.64,62.135416666666664,77.83375,81.61375,71.60833333333333,49.01583333333334,21.470416666666665,2.15125,0.0,0.0,0.0,0.0,0.0,0.0,0.0
23.0,0.0,0.0,0.0,0.0,0.0,0.0,0.0,0.0,8.697916666666666,31.797916666666666,53.425000000000004,68.65291666666667,74.13333333333334,66.22541666666667,46.8175,22.767083333333332,2.4633333333333334,0.0,0.0,0.0,0.0,0.0,0.0,0.0
24.0,0.0,0.0,0.0,0.0,0.0,0.0,0.0,0.0,9.914166666666667,34.84166666666667,61.30166666666667,78.45666666666666,85.44041666666668,74.86416666666666,57.06791666666666,26.948333333333334,2.9129166666666664,0.0,0.0,0.0,0.0,0.0,0.0,0.0
25.0,0.0,0.0,0.0,0.0,0.0,0.0,0.0,0.0,10.535,33.79875,59.85541666666666,75.47708333333334,78.53583333333334,67.00750000000001,49.405,22.24208333333333,3.0116666666666667,0.0,0.0,0.0,0.0,0.0,0.0,0.0
26.0,0.0,0.0,0.0,0.0,0.0,0.0,0.0,0.0,10.504583333333334,34.829166666666666,64.7325,80.71833333333333,84.13166666666667,72.74625,52.060833333333335,25.03375,3.1033333333333335,0.0,0.0,0.0,0.0,0.0,0.0,0.0
27.0,0.0,0.0,0.0,0.0,0.0,0.0,0.0,0.0,12.447083333333333,40.53875,69.99625,85.00625,87.355,76.45416666666667,53.73708333333334,25.264166666666668,3.5529166666666665,0.0,0.0,0.0,0.0,0.0,0.0,0.0
28.0,0.0,0.0,0.0,0.0,0.0,0.0,0.0,0.0,13.908333333333333,44.395833333333336,77.52666666666667,97.25708333333334,99.33583333333333,84.39791666666666,63.41125,32.20916666666667,4.4925,0.0,0.0,0.0,0.0,0.0,0.0,0.0
29.0,0.0,0.0,0.0,0.0,0.0,0.0,0.0,0.0,12.932083333333333,37.114583333333336,64.74625,79.81875000000001,84.31833333333334,71.44833333333334,51.276250000000005,25.442083333333333,4.70375,0.0,0.0,0.0,0.0,0.0,0.0,0.0
30.0,0.0,0.0,0.0,0.0,0.0,0.0,0.0,0.0,13.295833333333334,40.934999999999995,71.15083333333332,87.44416666666666,93.455,81.40958333333333,60.76833333333334,31.609583333333333,5.577500000000001,0.0,0.0,0.0,0.0,0.0,0.0,0.0
31.0,0.0,0.0,0.0,0.0,0.0,0.0,0.0,0.0,13.597916666666668,36.802083333333336,62.56,79.89458333333333,80.35875,72.94541666666667,53.73500000000001,28.060000000000002,5.442916666666666,0.0,0.0,0.0,0.0,0.0,0.0,0.0
32.0,0.0,0.0,0.0,0.0,0.0,0.0,0.0,0.0,16.0475,48.611250000000005,78.86166666666666,93.64375,94.44166666666666,84.4725,64.88,35.39,6.739583333333333,0.0,0.0,0.0,0.0,0.0,0.0,0.0
33.0,0.0,0.0,0.0,0.0,0.0,0.0,0.0,0.0,16.62333333333333,45.352916666666665,72.95583333333333,89.63541666666667,90.89708333333333,78.16041666666666,60.33958333333334,33.56458333333333,7.039166666666667,0.0,0.0,0.0,0.0,0.0,0.0,0.0
34.0,0.0,0.0,0.0,0.0,0.0,0.0,0.0,0.0,18.030416666666667,46.009166666666665,73.95875,91.9775,92.98791666666666,82.78666666666666,64.56166666666667,34.67666666666667,7.72375,0.0,0.0,0.0,0.0,0.0,0.0,0.0
35.0,0.0,0.0,0.0,0.0,0.0,0.0,0.0,0.0,18.307916666666667,45.08291666666667,74.0175,88.87916666666666,96.09708333333333,84.3525,63.73791666666667,33.56791666666667,8.12125,0.0,0.0,0.0,0.0,0.0,0.0,0.0
36.0,0.0,0.0,0.0,0.0,0.0,0.0,0.0,0.0,20.73875,51.923750000000005,77.46041666666666,90.89833333333333,89.43374999999999,76.84333333333333,59.46458333333334,32.48166666666667,8.964583333333334,0.0,0.0,0.0,0.0,0.0,0.0,0.0
37.0,0.0,0.0,0.0,0.0,0.0,0.0,0.0,0.0,20.955833333333334,49.42125000000001,75.61958333333334,92.45291666666667,95.48458333333333,92.03125,70.52208333333333,37.458333333333336,9.939583333333333,0.0,0.0,0.0,0.0,0.0,0.0,0.0
38.0,0.0,0.0,0.0,0.0,0.0,0.0,0.0,0.0,26.289583333333336,57.550000000000004,89.53416666666668,104.72000000000001,107.12208333333332,94.35916666666667,74.21083333333333,42.562916666666666,11.206249999999999,0.0,0.0,0.0,0.0,0.0,0.0,0.0
39.0,0.0,0.0,0.0,0.0,0.0,0.0,0.0,0.0,23.66416666666667,54.04458333333333,81.80291666666666,97.01083333333334,100.44541666666667,90.44833333333334,72.89125,41.73041666666666,11.868333333333332,0.0,0.0,0.0,0.0,0.0,0.0,0.0
40.0,0.0,0.0,0.0,0.0,0.0,0.0,0.0,0.90625,23.185000000000002,50.12291666666667,81.64041666666667,98.28791666666666,108.14291666666666,98.80624999999999,75.60916666666667,46.58166666666667,13.564583333333333,0.0,0.0,0.0,0.0,0.0,0.0,0.0
41.0,0.0,0.0,0.0,0.0,0.0,0.0,0.0,1.3104166666666666,22.29125,49.655,77.15166666666666,94.3225,96.91583333333334,87.78083333333332,68.81833333333333,40.21333333333333,12.922083333333333,0.0,0.0,0.0,0.0,0.0,0.0,0.0
42.0,0.0,0.0,0.0,0.0,0.0,0.0,0.0,1.5362500000000001,25.522916666666664,57.61416666666667,84.56833333333334,102.50791666666667,111.00999999999999,98.95833333333333,78.065,45.124583333333334,16.140833333333333,0.0,0.0,0.0,0.0,0.0,0.0,0.0
43.0,0.0,0.0,0.0,0.0,0.0,0.0,0.0,1.91375,27.816666666666666,54.00791666666667,84.81458333333333,99.38583333333334,100.60875,88.11874999999999,68.49125,42.41458333333333,15.675833333333335,0.0,0.0,0.0,0.0,0.0,0.0,0.0
44.0,0.0,0.0,0.0,0.0,0.0,0.0,0.0,2.103333333333333,26.5475,56.52291666666667,87.82791666666667,102.11874999999999,108.44833333333334,96.36625,74.54583333333333,45.17916666666667,15.908333333333333,0.0,0.0,0.0,0.0,0.0,0.0,0.0
45.0,0.0,0.0,0.0,0.0,0.0,0.0,0.0,2.6179166666666664,30.219583333333333,68.74291666666666,100.815,117.0575,116.43208333333332,106.31791666666668,82.11416666666666,51.21625,17.907500000000002,0.0,0.0,0.0,0.0,0.0,0.0,0.0
46.0,0.0,0.0,0.0,0.0,0.0,0.0,0.0,2.8725,31.803749999999997,68.55083333333333,99.41833333333334,120.96833333333332,124.73625,112.68,88.69333333333333,56.750416666666666,20.56375,0.0,0.0,0.0,0.0,0.0,0.0,0.0
47.0,0.0,0.0,0.0,0.0,0.0,0.0,0.0,3.3512500000000003,32.839166666666664,73.21249999999999,102.91708333333332,120.19583333333333,122.87541666666668,104.31375000000001,87.96958333333333,59.43541666666667,22.442083333333333,0.0,0.0,0.0,0.0,0.0,0.0,0.0
48.0,0.0,0.0,0.0,0.0,0.0,0.0,0.0,4.152916666666667,35.81666666666667,73.34208333333333,102.495,120.39125,124.66083333333334,112.51875,88.71291666666667,57.23791666666667,21.83083333333333,0.0,0.0,0.0,0.0,0.0,0.0,0.0
49.0,0.0,0.0,0.0,0.0,0.0,0.0,0.0,4.176666666666667,35.44916666666666,73.27458333333333,103.38958333333333,123.82541666666667,127.11666666666667,116.00333333333333,92.83541666666667,60.17291666666667,25.41,0.0,0.0,0.0,0.0,0.0,0.0,0.0
50.0,0.0,0.0,0.0,0.0,0.0,0.0,0.0,5.07,36.208333333333336,73.51083333333334,103.87166666666667,120.15166666666666,121.36541666666666,103.79708333333333,85.45958333333334,54.5425,20.318749999999998,0.9808333333333333,0.0,0.0,0.0,0.0,0.0,0.0
51.0,0.0,0.0,0.0,0.0,0.0,0.0,0.0,5.247083333333333,31.540833333333335,65.95291666666667,92.985,112.85666666666667,113.12708333333335,104.06166666666667,84.11791666666666,56.39625,22.574166666666667,1.4420833333333334,0.0,0.0,0.0,0.0,0.0,0.0
52.0,0.0,0.0,0.0,0.0,0.0,0.0,0.0,5.864166666666667,35.99166666666667,72.48375,98.94625,116.65791666666667,123.83583333333333,111.46333333333332,89.84500000000001,57.71791666666667,22.33666666666667,1.665,0.0,0.0,0.0,0.0,0.0,0.0
53.0,0.0,0.0,0.0,0.0,0.0,0.0,0.0,6.243333333333333,29.549166666666665,60.975,87.47208333333333,101.3625,104.40083333333332,98.37333333333333,79.33166666666666,55.177083333333336,21.710416666666664,1.9433333333333334,0.0,0.0,0.0,0.0,0.0,0.0
54.0,0.0,0.0,0.0,0.0,0.0,0.0,0.0,7.540833333333334,37.99916666666667,76.83291666666666,103.26333333333334,122.16458333333333,119.72500000000001,109.41833333333334,90.67916666666667,61.990833333333335,25.78125,2.2904166666666668,0.0,0.0,0.0,0.0,0.0,0.0
55.0,0.0,0.0,0.0,0.0,0.0,0.0,0.0,8.725,42.22666666666667,84.06791666666666,117.25791666666667,131.37291666666667,134.15166666666667,121.77416666666666,96.84833333333334,64.39708333333333,27.131666666666664,2.48375,0.0,0.0,0.0,0.0,0.0,0.0
56.0,0.0,0.0,0.0,0.0,0.0,0.0,0.0,9.827916666666667,47.08958333333334,92.01875,126.64208333333333,142.67583333333334,139.76666666666668,125.85791666666667,100.29124999999999,68.46083333333333,27.9825,2.7395833333333335,0.0,0.0,0.0,0.0,0.0,0.0
57.0,0.0,0.0,0.0,0.0,0.0,0.0,0.0,11.18,50.043749999999996,97.91458333333333,131.53458333333333,143.63708333333332,145.04625000000001,133.23666666666665,109.35458333333334,77.50791666666667,34.330416666666665,3.4275,0.0,0.0,0.0,0.0,0.0,0.0
58.0,0.0,0.0,0.0,0.0,0.0,0.0,0.0,12.645416666666668,49.473749999999995,94.685,128.36083333333332,147.09833333333333,147.0825,135.45958333333334,110.82291666666667,78.02791666666667,35.168749999999996,3.7295833333333337,0.0,0.0,0.0,0.0,0.0,0.0
59.0,0.0,0.0,0.0,0.0,0.0,0.0,0.0,12.3675,42.85583333333333,79.88125000000001,106.67041666666667,118.29041666666666,118.67750000000001,103.33875,79.32583333333334,53.87958333333333,24.493333333333336,3.3520833333333333,0.0,0.0,0.0,0.0,0.0,0.0
60.0,0.0,0.0,0.0,0.0,0.0,0.0,0.0,14.170416666666666,47.38833333333333,82.59041666666667,109.075,126.92416666666666,129.59458333333333,117.48208333333334,98.64458333333333,66.255,29.924166666666665,4.387083333333334,0.0,0.0,0.0,0.0,0.0,0.0
61.0,0.0,0.0,0.0,0.0,0.0,0.0,0.0,16.392916666666668,58.76625000000001,102.71208333333334,131.91583333333332,152.42541666666668,155.07750000000001,147.27958333333333,124.59958333333333,86.43083333333334,39.166666666666664,5.1525,0.0,0.0,0.0,0.0,0.0,0.0
62.0,0.0,0.0,0.0,0.0,0.0,0.0,0.0,15.030833333333334,49.82916666666667,90.38333333333333,117.85125,134.12458333333333,128.51583333333335,121.04124999999999,98.48,67.47625000000001,32.746249999999996,5.3429166666666665,0.0,0.0,0.0,0.0,0.0,0.0
63.0,0.0,0.0,0.0,0.0,0.0,0.0,0.0,19.142500000000002,61.30416666666667,104.11375,137.67833333333334,154.95041666666665,150.87041666666667,137.01916666666668,113.07541666666667,81.62333333333333,38.422916666666666,5.934583333333333,0.0,0.0,0.0,0.0,0.0,0.0
64.0,0.0,0.0,0.0,0.0,0.0,0.0,0.0,21.24416666666667,65.33083333333333,111.77,145.14791666666667,158.97083333333333,154.79875,142.37,116.195,77.02958333333333,35.32541666666666,6.14375,0.0,0.0,0.0,0.0,0.0,0.0
65.0,0.0,0.0,0.0,0.0,0.0,0.0,0.0,21.883750000000003,60.79083333333333,108.13666666666667,138.56916666666666,161.405,156.53375,141.15791666666667,119.11625,84.14541666666666,42.09041666666666,7.4004166666666675,0.0,0.0,0.0,0.0,0.0,0.0
66.0,0.0,0.0,0.0,0.0,0.0,0.0,0.0,24.991666666666664,64.3,110.23666666666666,142.78916666666666,168.10458333333332,171.44125,153.89833333333334,129.90333333333334,90.21833333333332,46.39833333333333,8.5275,0.0,0.0,0.0,0.0,0.0,0.0
67.0,0.0,0.0,0.0,0.0,0.0,0.0,0.0,25.255416666666665,59.15291666666667,102.54708333333333,134.28041666666667,151.18708333333333,151.96125,134.99,108.97708333333333,79.10708333333334,40.76583333333333,8.309583333333334,0.0,0.0,0.0,0.0,0.0,0.0
68.0,0.0,0.0,0.0,0.0,0.0,0.0,0.12916666666666668,27.900833333333335,69.31833333333334,114.45666666666666,147.47291666666666,163.29375000000002,160.27208333333334,143.44125,120.04833333333333,85.6025,43.487500000000004,9.083333333333334,0.0,0.0,0.0,0.0,0.0,0.0
69.0,0.0,0.0,0.0,0.0,0.0,0.0,1.2212500000000002,23.623333333333335,61.64416666666667,98.03458333333333,120.95333333333333,136.17291666666668,137.17166666666665,125.25583333333333,105.35958333333333,74.94250000000001,38.18666666666667,9.10375,0.0,0.0,0.0,0.0,0.0,0.0
70.0,0.0,0.0,0.0,0.0,0.0,0.0,1.4008333333333332,24.66,61.48416666666666,103.855,135.92708333333334,149.26333333333335,146.31916666666666,128.55458333333334,102.29666666666667,71.12666666666667,37.38625,9.28125,0.0,0.0,0.0,0.0,0.0,0.0
71.0,0.0,0.0,0.0,0.0,0.0,0.0,1.8787500000000001,29.814166666666665,67.86708333333333,110.90416666666665,137.6158333333333,154.25208333333333,158.75208333333333,138.93041666666667,117.00375000000001,84.4975,45.51499999999999,11.2575,0.0,0.0,0.0,0.0,0.0,0.0
72.0,0.0,0.0,0.0,0.0,0.0,0.0,2.1470833333333332,30.025000000000002,67.62125,113.44833333333332,143.67875,159.4575,163.0575,153.36958333333334,131.60041666666666,96.79166666666667,52.84125,13.45125,0.0,0.0,0.0,0.0,0.0,0.0
73.0,0.0,0.0,0.0,0.0,0.0,0.0,2.7741666666666664,34.5525,78.16083333333334,125.86375,152.97333333333333,177.38125,178.77291666666667,162.17416666666665,133.2625,94.98875,51.79458333333333,13.353333333333333,0.0,0.0,0.0,0.0,0.0,0.0
74.0,0.0,0.0,0.0,0.0,0.0,0.0,2.794583333333333,32.672916666666666,70.42541666666666,112.45875000000001,144.43,167.32541666666665,171.7145833333333,151.405,129.2675,91.56458333333335,48.40416666666667,13.717083333333333,0.0,0.0,0.0,0.0,0.0,0.0
75.0,0.0,0.0,0.0,0.0,0.0,0.0,3.4525,34.79666666666667,67.81625,109.53291666666667,140.95624999999998,158.97541666666666,159.125,138.80166666666665,110.53750000000001,78.44083333333333,42.67416666666667,12.90375,0.0,0.0,0.0,0.0,0.0,0.0
76.0,0.0,0.0,0.0,0.0,0.0,0.0,3.7079166666666663,34.389583333333334,70.73833333333333,112.34166666666665,140.09458333333333,154.59875,157.0625,153.62208333333334,133.35333333333332,97.65583333333332,54.382083333333334,15.295833333333334,0.0,0.0,0.0,0.0,0.0,0.0
77.0,0.0,0.0,0.0,0.0,0.0,0.0,4.16875,32.197916666666664,72.39583333333333,118.72625,147.02208333333334,168.66291666666666,164.38,153.79083333333332,134.81125,98.24583333333334,56.68375,17.806250000000002,0.0,0.0,0.0,0.0,0.0,0.0
78.0,0.0,0.0,0.0,0.0,0.0,0.0,5.440833333333334,40.199999999999996,85.07000000000001,125.00708333333334,158.30375,172.875,168.75291666666666,164.71,141.59208333333333,102.27458333333334,57.423750000000005,18.597083333333334,0.0,0.0,0.0,0.0,0.0,0.0
79.0,0.0,0.0,0.0,0.0,0.0,0.0,5.327083333333333,33.900416666666665,69.70458333333333,110.41166666666668,136.50666666666666,148.53958333333335,152.90583333333333,139.63041666666666,123.85875,87.84750000000001,50.46333333333333,17.5,0.0,0.0,0.0,0.0,0.0,0.0
80.0,0.0,0.0,0.0,0.0,0.0,0.0,7.0370833333333325,42.61375,93.90583333333332,138.0275,164.9325,182.38541666666666,175.43958333333333,158.79291666666668,135.00875,98.23333333333333,57.517500000000005,20.915416666666665,0.0,0.0,0.0,0.0,0.0,0.0
81.0,0.0,0.0,0.0,0.0,0.0,0.0,7.654583333333334,46.97833333333333,95.65416666666668,142.4825,172.17583333333334,192.16875000000002,190.93583333333333,175.30166666666665,152.86625,108.16458333333333,64.3525,23.2325,0.0,0.0,0.0,0.0,0.0,0.0
82.0,0.0,0.0,0.0,0.0,0.0,0.0,8.86875,48.614583333333336,98.37541666666665,144.50291666666666,177.67541666666668,187.27291666666667,180.45208333333335,170.22041666666667,149.79916666666665,107.99916666666667,64.81291666666667,24.445833333333336,0.0,0.0,0.0,0.0,0.0,0.0
83.0,0.0,0.0,0.0,0.0,0.0,0.0,9.72875,47.75125,96.02041666666666,140.75791666666666,166.35375,181.86083333333332,189.0666666666667,177.2975,152.13041666666666,111.64541666666666,67.21333333333334,25.365416666666665,0.0,0.0,0.0,0.0,0.0,0.0
84.0,0.0,0.0,0.0,0.0,0.0,0.0,11.0375,51.99,102.7625,150.63083333333333,180.80041666666668,191.51333333333332,188.73749999999998,171.35625000000002,150.78916666666666,111.19916666666666,67.6225,24.385833333333334,1.075,0.0,0.0,0.0,0.0,0.0
85.0,0.0,0.0,0.0,0.0,0.0,0.0,12.104999999999999,54.90125,106.31166666666667,153.6825,189.46333333333334,205.9375,198.0375,179.84208333333333,161.01624999999999,116.22333333333334,69.66208333333333,24.874583333333334,1.3908333333333331,0.0,0.0,0.0,0.0,0.0
86.0,0.0,0.0,0.0,0.0,0.0,0.0,13.110416666666666,54.67333333333334,103.555,147.5675,179.50291666666666,190.78416666666666,182.01250000000002,174.50708333333333,150.54749999999999,112.40458333333333,67.97958333333334,25.162916666666664,1.4954166666666666,0.0,0.0,0.0,0.0,0.0
87.0,0.0,0.0,0.0,0.0,0.0,0.0,13.490416666666667,55.11291666666667,99.35916666666667,144.85458333333335,176.52083333333334,193.13,191.72708333333333,182.85666666666668,158.44,115.52208333333334,68.94083333333333,25.792083333333334,1.7070833333333333,0.0,0.0,0.0,0.0,0.0
88.0,0.0,0.0,0.0,0.0,0.0,0.0,14.307916666666666,49.481249999999996,91.34583333333335,129.88125,158.08166666666668,166.34791666666666,172.64583333333334,161.83916666666667,141.36041666666668,104.48375,62.71625,23.59583333333333,1.8991666666666667,0.0,0.0,0.0,0.0,0.0
89.0,0.0,0.0,0.0,0.0,0.0,0.0,17.442083333333333,61.02333333333333,113.56625000000001,156.78583333333333,184.62791666666666,202.27874999999997,194.79708333333335,169.1225,144.48208333333335,103.995,65.33958333333334,25.38625,2.2179166666666665,0.0,0.0,0.0,0.0,0.0
90.0,0.0,0.0,0.0,0.0,0.0,0.0,18.39875,56.93208333333334,104.17416666666666,145.18458333333334,177.65916666666666,190.93208333333334,196.20749999999998,179.19833333333335,160.6625,116.78166666666668,73.46666666666667,29.842916666666667,2.6908333333333334,0.0,0.0,0.0,0.0,0.0
91.0,0.0,0.0,0.0,0.0,0.0,0.0,21.324166666666667,63.12625,111.57,154.725,178.62166666666667,189.3045833333333,195.24249999999998,185.18166666666664,158.06958333333333,119.10041666666666,75.36083333333333,32.464166666666664,3.002083333333333,0.0,0.0,0.0,0.0,0.0
92.0,0.0,0.0,0.0,0.0,0.0,0.0,22.759583333333335,63.15166666666667,111.16083333333334,159.02458333333334,192.93166666666664,202.25958333333332,211.47208333333333,202.35041666666666,176.61541666666668,132.09291666666667,82.325,35.018750000000004,3.21875,0.0,0.0,0.0,0.0,0.0
93.0,0.0,0.0,0.0,0.0,0.0,0.0,25.722916666666666,67.96916666666667,115.51083333333334,165.29333333333332,192.79999999999998,206.79791666666665,203.8475,187.54333333333332,165.21625,119.305,73.83041666666666,31.283749999999998,3.545833333333333,0.0,0.0,0.0,0.0,0.0
94.0,0.0,0.0,0.0,0.0,0.0,0.0,25.489583333333332,61.11541666666667,111.30499999999999,151.41416666666666,177.99666666666667,191.44875000000002,196.2145833333333,179.63250000000002,160.59083333333334,125.12958333333334,77.65083333333332,33.774166666666666,3.7241666666666666,0.0,0.0,0.0,0.0,0.0
95.0,0.0,0.0,0.0,0.0,0.0,0.7966666666666665,26.06625,71.32458333333334,120.86791666666666,169.42375,198.35916666666665,208.38333333333333,210.93375,201.01583333333335,168.0175,126.86583333333333,80.77833333333334,36.22666666666667,4.1258333333333335,0.0,0.0,0.0,0.0,0.0
96.0,0.0,0.0,0.0,0.0,0.0,1.4204166666666664,28.12,75.58958333333334,127.16333333333334,173.88166666666666,212.0975,227.8425,221.84666666666666,206.93666666666664,180.75083333333336,137.35375000000002,86.82208333333334,38.99041666666667,4.877916666666667,0.0,0.0,0.0,0.0,0.0
97.0,0.0,0.0,0.0,0.0,0.0,1.76625,33.86708333333333,83.68625,138.2675,186.50583333333336,215.525,225.3395833333333,224.18375,209.38958333333335,182.4375,135.87375,88.39999999999999,40.54833333333333,5.29375,0.0,0.0,0.0,0.0,0.0
98.0,0.0,0.0,0.0,0.0,0.0,2.1,35.057916666666664,85.3975,142.135,193.08416666666668,221.99,236.20291666666665,231.36208333333332,218.06125,191.75208333333333,144.70250000000001,92.18916666666667,41.155,5.58875,0.0,0.0,0.0,0.0,0.0
99.0,0.0,0.0,0.0,0.0,0.0,2.4079166666666665,32.34125,81.00041666666667,133.76166666666668,180.48875,207.48625,212.16291666666666,204.86,185.25875,161.78458333333333,119.41624999999999,76.88208333333334,35.27166666666667,5.715833333333333,0.0,0.0,0.0,0.0,0.0
100.0,0.0,0.0,0.0,0.0,0.0,2.54,32.971666666666664,78.76291666666667,132.7075,180.06916666666666,213.25041666666667,227.90291666666667,227.00249999999997,204.32291666666666,176.83083333333332,136.58625,86.27458333333334,40.97166666666667,6.6258333333333335,0.0,0.0,0.0,0.0,0.0
101.0,0.0,0.0,0.0,0.0,0.0,3.2220833333333334,36.06,85.40833333333335,138.24041666666668,182.64374999999998,214.83166666666668,210.69500000000002,208.55958333333334,187.52625,159.05083333333332,120.50875,78.83791666666667,38.5775,6.776666666666666,0.0,0.0,0.0,0.0,0.0
102.0,0.0,0.0,0.0,0.0,0.0,3.4879166666666666,35.64833333333333,81.73666666666666,134.90958333333333,181.97958333333335,203.89125,216.94541666666666,206.15583333333333,188.34083333333334,156.13583333333335,119.13125000000001,75.745,38.0475,7.327500000000001,0.0,0.0,0.0,0.0,0.0
103.0,0.0,0.0,0.0,0.0,0.0,4.348333333333334,38.805416666666666,86.90375,139.41083333333333,185.12666666666667,213.44541666666666,226.85791666666668,217.97625000000002,204.51125000000002,178.06708333333333,133.58,87.06708333333334,43.00375,8.400416666666667,0.0,0.0,0.0,0.0,0.0
104.0,0.0,0.0,0.0,0.0,0.0,4.550833333333333,34.718333333333334,81.38791666666667,130.64624999999998,179.9104166666667,219.10833333333335,234.60625000000002,226.30791666666667,201.16916666666665,174.63833333333332,134.69,87.78625,43.28958333333333,8.37625,0.0,0.0,0.0,0.0,0.0
105.0,0.0,0.0,0.0,0.0,0.0,5.370833333333334,41.143750000000004,92.13041666666668,145.64958333333334,196.34833333333333,233.56208333333333,246.51416666666668,237.29083333333332,218.61333333333334,191.30499999999998,148.19083333333333,97.23416666666667,48.37166666666667,9.755416666666667,0.0,0.0,0.0,0.0,0.0
106.0,0.0,0.0,0.0,0.0,0.0,6.0975,45.072916666666664,101.23958333333333,157.97208333333333,208.27833333333334,235.95166666666668,242.14958333333334,231.32916666666665,214.35875,190.3045833333333,144.4,95.50124999999998,47.82750000000001,10.46125,0.0,0.0,0.0,0.0,0.0
107.0,0.0,0.0,0.0,0.0,0.0,6.608750000000001,44.7525,97.7025,155.21916666666667,206.6833333333333,245.73041666666666,252.42541666666668,240.75541666666666,219.78083333333333,187.99625,143.40833333333333,95.29166666666667,48.76708333333334,10.567083333333334,0.0,0.0,0.0,0.0,0.0
108.0,0.0,0.0,0.0,0.0,0.0,8.407083333333333,52.185833333333335,111.6225,174.08875,225.9333333333333,257.00291666666664,268.0316666666667,270.7816666666667,246.59208333333333,215.98583333333332,167.27083333333334,114.38791666666667,61.01624999999999,13.838333333333333,0.0,0.0,0.0,0.0,0.0
109.0,0.0,0.0,0.0,0.0,0.0,8.594583333333334,46.634166666666665,97.25541666666668,151.62166666666667,195.24958333333333,221.1825,230.3204166666667,229.0545833333333,210.02791666666667,189.09,148.32958333333332,100.08041666666666,52.56,12.96125,0.0,0.0,0.0,0.0,0.0
110.0,0.0,0.0,0.0,0.0,0.0,9.400416666666667,49.76541666666666,103.2025,157.82375,207.09916666666666,239.01250000000002,245.81125,251.34875,233.72625000000002,209.87458333333333,163.73541666666668,108.27,56.395,14.162916666666668,0.0,0.0,0.0,0.0,0.0
111.0,0.0,0.0,0.0,0.0,0.0,10.437916666666666,54.13708333333333,109.97916666666667,166.66833333333332,216.71208333333334,249.85583333333332,262.2475,259.1766666666667,235.97333333333333,208.17208333333335,163.56791666666666,110.69875,58.92916666666667,15.433749999999998,0.0,0.0,0.0,0.0,0.0
112.0,0.0,0.0,0.0,0.0,0.0,11.297916666666666,51.62625,108.13708333333334,163.75,213.14499999999998,250.30124999999998,261.8,256.885,233.32458333333332,194.68499999999997,150.70125,104.00291666666668,56.635416666666664,15.71875,0.0,0.0,0.0,0.0,0.0
113.0,0.0,0.0,0.0,0.0,0.0,11.506666666666666,50.1675,102.11791666666666,159.6783333333333,207.72625000000002,242.11291666666668,259.46625,246.67708333333334,233.91,203.03791666666666,150.09833333333333,103.78291666666667,55.43083333333333,16.005416666666665,0.0,0.0,0.0,0.0,0.0
114.0,0.0,0.0,0.0,0.0,0.0,12.681666666666667,47.94416666666667,95.50583333333333,145.59458333333333,190.30708333333334,224.94958333333332,241.6291666666667,231.23625,217.46124999999998,182.9075,143.99958333333333,99.005,54.857499999999995,16.27375,0.0,0.0,0.0,0.0,0.0
115.0,0.0,0.0,0.0,0.0,0.0,13.967500000000001,51.376666666666665,103.52375,155.35041666666666,196.99249999999998,232.12375,237.48541666666665,248.67083333333335,221.68958333333333,201.63583333333335,157.57,108.45,60.484583333333326,19.375416666666666,0.0,0.0,0.0,0.0,0.0
116.0,0.0,0.0,0.0,0.0,0.0,14.394166666666665,50.19708333333333,99.36583333333334,149.45333333333335,186.2720833333333,219.62375,237.27499999999998,237.46291666666664,209.96291666666664,187.78041666666664,151.75333333333333,104.02416666666666,58.224583333333335,18.863333333333333,0.0,0.0,0.0,0.0,0.0
117.0,0.0,0.0,0.0,0.0,0.0,16.678333333333335,56.64416666666667,105.15125,156.48541666666668,201.94833333333335,221.54083333333332,232.02041666666665,235.61333333333334,208.66666666666666,180.38,146.53791666666666,99.90666666666665,54.36833333333333,18.222916666666666,0.0,0.0,0.0,0.0,0.0
118.0,0.0,0.0,0.0,0.0,0.0,15.685,51.59875,94.70291666666667,146.63583333333335,177.48708333333332,196.72833333333332,208.15583333333333,204.55416666666667,193.98916666666665,169.48208333333335,130.45250000000001,89.41791666666667,48.99916666666667,16.724166666666665,0.0,0.0,0.0,0.0,0.0
119.0,0.0,0.0,0.0,0.0,0.0,16.614166666666666,55.529583333333335,101.07458333333334,152.81791666666666,182.15916666666666,204.02666666666667,205.44291666666666,208.69708333333335,197.27166666666668,172.74916666666664,138.75625,97.15375,57.017500000000005,20.815833333333334,0.0,0.0,0.0,0.0,0.0
120.0,0.0,0.0,0.0,0.0,0.0,17.906666666666666,56.831250000000004,109.13791666666667,158.755,197.25375,214.25208333333333,225.79875,222.29375000000002,213.39166666666665,188.11958333333334,146.73458333333335,101.26541666666667,56.83791666666667,20.93875,0.10833333333333334,0.0,0.0,0.0,0.0
121.0,0.0,0.0,0.0,0.0,0.0,21.174583333333334,62.477916666666665,116.58999999999999,168.78,213.93375,237.44041666666666,240.12875,234.35875,223.32291666666666,188.60083333333333,148.98833333333332,104.23958333333333,60.37166666666667,20.471666666666668,1.1229166666666666,0.0,0.0,0.0,0.0
122.0,0.0,0.0,0.0,0.0,0.0,20.602500000000003,58.155,105.87416666666667,153.72166666666666,191.37875,217.9283333333333,227.38083333333336,226.43416666666667,205.43916666666667,177.40333333333334,144.1975,99.32875,58.16916666666666,20.642916666666668,1.29875,0.0,0.0,0.0,0.0
123.0,0.0,0.0,0.0,0.0,0.0,23.759583333333335,59.30125,105.82833333333333,155.66708333333335,200.80666666666664,235.45375,239.82875,240.29208333333335,227.65583333333333,192.77374999999998,153.1,110.08375,64.1875,22.032083333333333,1.42375,0.0,0.0,0.0,0.0
124.0,0.0,0.0,0.0,0.0,0.0,24.809583333333332,61.82416666666666,108.59708333333333,160.55875,204.27791666666667,225.59333333333333,241.47958333333335,243.6075,224.69291666666666,199.81166666666664,154.38583333333332,108.70791666666668,60.535,21.99625,1.6620833333333334,0.0,0.0,0.0,0.0
125.0,0.0,0.0,0.0,0.0,1.1133333333333333,23.784583333333334,67.09208333333333,117.34666666666668,168.49916666666667,221.14374999999998,244.7125,257.6020833333333,246.79333333333332,238.0979166666667,209.6075,170.54541666666668,120.53500000000001,70.6425,26.42458333333333,1.955,0.0,0.0,0.0,0.0
126.0,0.0,0.0,0.0,0.0,1.28125,23.584999999999997,68.03208333333333,120.08875,174.61,211.475,236.49166666666667,244.18375,246.56208333333333,230.08833333333334,205.26,163.61416666666665,116.12541666666668,67.1925,24.507916666666663,2.08875,0.0,0.0,0.0,0.0
127.0,0.0,0.0,0.0,0.0,1.4329166666666666,24.759583333333335,68.47791666666667,120.54458333333334,169.03166666666667,214.75208333333333,240.9075,260.41125,260.46750000000003,245.31291666666667,218.08666666666667,177.09541666666667,126.39666666666666,71.91458333333334,27.70125,2.442083333333333,0.0,0.0,0.0,0.0
128.0,0.0,0.0,0.0,0.0,1.5891666666666666,23.961250000000003,58.500416666666666,99.95125,142.40833333333333,185.45833333333334,227.10833333333335,248.20208333333335,242.10208333333333,221.18958333333333,200.2770833333333,161.10333333333332,113.28541666666666,69.60625,27.139166666666668,2.4579166666666667,0.0,0.0,0.0,0.0
129.0,0.0,0.0,0.0,0.0,1.9037499999999998,27.14833333333333,65.13916666666667,113.40791666666667,164.93625,203.83,239.8166666666667,241.7775,260.73791666666665,234.59916666666666,200.85333333333335,156.0425,111.21291666666667,66.74,25.405833333333334,2.44875,0.0,0.0,0.0,0.0
130.0,0.0,0.0,0.0,0.0,2.115416666666667,28.507499999999997,69.78666666666668,121.75833333333333,173.1208333333333,217.84416666666667,250.33916666666667,263.2366666666667,255.69833333333335,239.94125,206.7458333333333,165.36416666666668,118.13208333333334,69.29083333333334,28.08375,2.9612499999999997,0.0,0.0,0.0,0.0
131.0,0.0,0.0,0.0,0.0,2.4033333333333333,28.393333333333334,68.73791666666666,122.51291666666667,174.265,212.79166666666666,231.34333333333333,242.42166666666665,233.87375,219.62041666666664,193.10875,160.96375,116.21916666666668,68.31875000000001,28.435,3.314166666666667,0.0,0.0,0.0,0.0
132.0,0.0,0.0,0.0,0.0,2.9287499999999995,32.82208333333333,82.95583333333333,142.28708333333333,193.88875,241.045,255.7025,258.63458333333335,260.6820833333333,236.0925,203.4075,168.565,124.67041666666667,75.4775,32.652499999999996,3.7416666666666667,0.0,0.0,0.0,0.0
133.0,0.0,0.0,0.0,0.0,2.8212499999999996,31.359166666666667,70.7375,121.94875,175.39874999999998,213.69291666666666,240.16916666666665,250.05999999999997,247.55125,226.41458333333333,200.6075,167.34375,120.05416666666667,74.19333333333334,32.038333333333334,3.893333333333333,0.0,0.0,0.0,0.0
134.0,0.0,0.0,0.0,0.0,3.1466666666666665,32.81375,74.80749999999999,128.25375,174.5666666666667,209.07208333333332,233.33375,250.38583333333335,246.39874999999998,226.20125,200.94041666666666,167.08,119.58916666666666,72.71208333333333,31.181250000000002,4.122083333333333,0.0,0.0,0.0,0.0
135.0,0.0,0.0,0.0,0.0,3.4575,32.184583333333336,75.35833333333333,128.99541666666667,180.6025,219.81333333333336,233.17708333333334,235.02833333333334,247.93375,234.54458333333332,216.9475,175.49416666666664,128.93333333333334,77.61208333333333,34.85625,4.57125,0.0,0.0,0.0,0.0
136.0,0.0,0.0,0.0,0.0,3.7866666666666666,31.988333333333333,73.68875,125.00124999999998,179.49750000000003,221.53791666666666,249.01791666666668,255.41125,249.74833333333333,222.37375,193.73958333333334,157.17083333333332,117.47416666666668,72.6225,32.46125,4.76875,0.0,0.0,0.0,0.0
137.0,0.0,0.0,0.0,0.0,4.277083333333334,32.9675,74.29208333333334,123.15958333333333,170.13458333333332,205.04208333333335,232.0875,231.06875,226.51583333333335,193.6341666666667,175.61041666666668,146.6075,107.04416666666667,66.80083333333333,30.364583333333332,5.010833333333333,0.0,0.0,0.0,0.0
138.0,0.0,0.0,0.0,0.0,4.56625,34.830000000000005,79.05708333333332,130.37291666666667,183.88875,227.36458333333334,249.51625,261.80583333333334,252.1475,229.74666666666667,200.02458333333334,159.4825,116.09958333333333,71.70625,31.761666666666667,5.335416666666667,0.0,0.0,0.0,0.0
139.0,0.0,0.0,0.0,0.0,4.705416666666667,34.2375,81.16250000000001,135.64041666666665,190.72041666666667,235.95583333333332,265.01375,271.1720833333333,259.0366666666667,241.53041666666664,218.745,175.94000000000003,128.02083333333334,80.15208333333334,37.25083333333333,6.13375,0.0,0.0,0.0,0.0
140.0,0.0,0.0,0.0,0.0,5.069166666666667,35.565,80.56625,131.68083333333334,179.03458333333333,219.15333333333334,234.4454166666667,256.01124999999996,250.88875,228.09208333333333,202.77374999999998,172.0875,129.66333333333333,78.33749999999999,37.41416666666667,6.4679166666666665,0.0,0.0,0.0,0.0
141.0,0.0,0.0,0.0,0.0,5.835833333333333,37.499583333333334,86.66875,145.90458333333333,194.76083333333335,232.6825,255.51125000000002,255.30375,260.6508333333333,237.94625,216.32083333333333,173.58541666666667,132.62666666666667,84.75041666666667,39.88,6.896249999999999,0.0,0.0,0.0,0.0
142.0,0.0,0.0,0.0,0.0,5.7004166666666665,34.992916666666666,82.01916666666666,133.715,182.90291666666667,222.11666666666667,249.00625,273.4145833333333,266.07625,246.94833333333335,230.72208333333333,192.3204166666667,141.03,90.42833333333334,41.41583333333333,7.489166666666667,0.0,0.0,0.0,0.0
143.0,0.0,0.0,0.0,0.0,6.523333333333333,38.79708333333333,88.10958333333333,144.18541666666667,196.44583333333333,247.41375000000002,269.52875,280.95,279.5025,266.12833333333333,234.34666666666666,188.95833333333334,141.84875,88.82708333333333,42.89791666666667,8.094166666666666,0.0,0.0,0.0,0.0
144.0,0.0,0.0,0.0,0.0,6.747916666666666,39.96083333333333,89.02875,143.23541666666668,196.37625,245.23666666666668,272.90458333333333,280.4558333333334,291.15791666666667,262.94416666666666,235.23208333333332,195.91208333333336,146.79749999999999,93.60833333333333,44.23875,8.960416666666667,0.0,0.0,0.0,0.0
145.0,0.0,0.0,0.0,0.0,7.109583333333333,37.18958333333333,81.82583333333334,136.74708333333334,187.0220833333333,233.74,263.56333333333333,277.59125,273.41249999999997,267.26166666666666,242.27416666666667,193.96208333333334,144.15833333333333,92.1425,42.642500000000005,9.116249999999999,0.0,0.0,0.0,0.0
146.0,0.0,0.0,0.0,0.0,6.995,35.266666666666666,80.28416666666666,128.50166666666667,177.08416666666668,221.0275,260.575,269.80125,266.75624999999997,250.62875,221.74166666666667,177.58916666666667,133.47083333333333,85.53791666666666,41.66791666666666,9.414166666666667,0.0,0.0,0.0,0.0
147.0,0.0,0.0,0.0,0.0,6.90125,33.10708333333333,75.11291666666666,122.04708333333333,170.96624999999997,212.1833333333333,238.32416666666666,258.1870833333333,254.67541666666668,237.25375,213.18458333333334,178.9779166666667,132.1575,86.21083333333333,42.865,9.864166666666668,0.0,0.0,0.0,0.0
148.0,0.0,0.0,0.0,0.0,7.672499999999999,38.20916666666667,83.29916666666666,133.1425,180.60958333333335,215.69291666666666,242.15833333333333,243.27083333333334,248.3925,233.32458333333332,214.23458333333335,176.61541666666665,134.66291666666666,85.96625,42.947916666666664,10.364583333333334,0.0,0.0,0.0,0.0
149.0,0.0,0.0,0.0,0.0,7.75125,35.1,75.07291666666667,124.64999999999999,169.09583333333333,208.66458333333333,225.67583333333334,233.40416666666667,238.68708333333333,223.65458333333333,200.26583333333335,167.50083333333333,130.2125,85.2,43.55875,10.72125,0.0,0.0,0.0,0.0
150.0,0.0,0.0,0.0,0.0,8.439166666666667,37.759166666666665,81.61874999999999,130.99,179.13458333333335,216.535,251.07083333333333,264.65333333333336,261.3308333333334,246.90791666666667,218.17791666666668,179.47875,134.19083333333333,87.23583333333333,44.31125,11.560416666666667,0.0,0.0,0.0,0.0
151.0,0.0,0.0,0.0,0.0,9.025,41.04333333333333,82.1675,131.70250000000001,180.16458333333333,218.64625,247.345,261.8270833333333,262.21,246.5525,224.36041666666665,190.84416666666667,145.79708333333335,97.07625,50.71375,12.679583333333333,0.0,0.0,0.0,0.0
152.0,0.0,0.0,0.0,0.0,9.9125,45.84166666666667,95.07958333333333,147.94875,201.09624999999997,236.76958333333334,251.48208333333332,262.3691666666667,259.63958333333335,245.23166666666668,210.10541666666666,180.05083333333334,131.05666666666667,86.66708333333332,43.09458333333333,11.528333333333334,0.0,0.0,0.0,0.0
153.0,0.0,0.0,0.0,0.0,9.677916666666667,39.937083333333334,84.95458333333333,135.2425,182.76916666666668,225.90583333333333,251.95000000000002,257.64625,257.36583333333334,240.43458333333334,215.25041666666667,184.05124999999998,140.5025,92.04208333333334,46.916666666666664,13.191666666666668,0.0,0.0,0.0,0.0
154.0,0.0,0.0,0.0,0.0,10.67125,46.909166666666664,97.12041666666666,153.06291666666667,206.96166666666667,259.28791666666666,283.6041666666667,303.5254166666667,298.6670833333333,277.32875,250.13625,207.17166666666665,150.54666666666665,98.63166666666666,51.43833333333333,14.492083333333333,0.0,0.0,0.0,0.0
155.0,0.0,0.0,0.0,0.0,9.480416666666667,36.097500000000004,77.54875,125.17375,168.00083333333333,206.56916666666666,232.59,246.63,247.97125000000003,225.66625,207.71541666666667,169.62958333333333,128.28458333333333,84.58624999999999,44.596666666666664,13.429166666666667,0.0,0.0,0.0,0.0
156.0,0.0,0.0,0.0,0.0,9.868333333333334,37.430416666666666,79.93291666666666,128.98749999999998,174.33791666666664,211.73083333333332,238.93583333333333,250.21666666666667,246.29583333333335,232.05291666666665,204.5270833333333,165.34958333333333,122.93124999999999,80.97500000000001,43.52458333333333,13.09625,0.0,0.0,0.0,0.0
157.0,0.0,0.0,0.0,0.0,9.576666666666666,33.42958333333333,73.30333333333333,118.31708333333334,157.44666666666666,197.67291666666665,234.98375,249.91791666666666,255.96916666666667,245.46124999999998,226.02916666666667,191.18875,145.86208333333335,97.30583333333334,50.225833333333334,14.930833333333332,0.0,0.0,0.0,0.0
158.0,0.0,0.0,0.0,0.0,10.989583333333334,43.25333333333333,89.22708333333333,140.4825,185.56375,214.81499999999997,244.14958333333334,252.25208333333333,266.68833333333333,251.7275,236.58,198.27874999999997,144.82708333333332,95.05125,48.385416666666664,15.004583333333334,0.0,0.0,0.0,0.0
159.0,0.0,0.0,0.0,0.0,10.923333333333334,44.33375,93.10875,148.18,200.81291666666667,241.93499999999997,271.1358333333333,276.17125,276.43041666666664,257.48833333333334,228.73583333333332,195.07958333333332,151.57916666666668,98.89458333333333,51.81125,15.637500000000001,0.0,0.0,0.0,0.0
160.0,0.0,0.0,0.0,0.0,11.08,45.979166666666664,93.50458333333334,145.51666666666668,198.6170833333333,239.75291666666666,273.8233333333333,273.93916666666667,272.05083333333334,245.52583333333334,224.63875,183.58,140.22291666666666,92.03208333333333,47.782916666666665,14.369583333333333,0.0,0.0,0.0,0.0
161.0,0.0,0.0,0.0,0.0,10.831249999999999,41.54416666666666,86.24125,138.3225,187.49749999999997,228.00333333333333,258.22291666666666,263.48,267.91791666666666,254.39458333333334,229.76125,190.0091666666667,144.00458333333333,96.84916666666668,51.07749999999999,16.242083333333333,0.0,0.0,0.0,0.0
162.0,0.0,0.0,0.0,0.0,11.372916666666667,42.84375,88.85875,142.24291666666667,192.56541666666666,232.23083333333332,262.47583333333336,268.30625000000003,263.2729166666667,252.72416666666666,232.9775,189.18833333333336,142.51708333333332,94.09291666666667,49.91791666666666,16.5025,0.0,0.0,0.0,0.0
163.0,0.0,0.0,0.0,0.0,10.691249999999998,40.089999999999996,80.64416666666666,127.50416666666666,175.38750000000002,205.27458333333334,228.75125,240.17916666666667,237.76333333333332,226.60625000000002,201.00041666666667,166.22291666666666,125.61041666666667,82.16708333333334,44.036249999999995,15.472500000000002,0.0,0.0,0.0,0.0
164.0,0.0,0.0,0.0,0.0,11.594583333333333,41.59458333333333,88.3,144.03625,193.65874999999997,231.04291666666666,252.75791666666666,264.16833333333335,264.43666666666667,242.86333333333334,220.31708333333333,183.13708333333332,135.73291666666668,89.08916666666666,47.95666666666667,15.745416666666666,0.0,0.0,0.0,0.0
165.0,0.0,0.0,0.0,0.0,11.797083333333333,44.10166666666667,91.8925,145.37833333333333,195.68916666666667,238.66291666666666,270.02375,285.00916666666666,271.9920833333333,264.39958333333334,223.62333333333333,183.3970833333333,141.71083333333334,94.42083333333333,50.157916666666665,16.93166666666667,0.0,0.0,0.0,0.0
166.0,0.0,0.0,0.0,0.0,12.197083333333333,46.82,96.80083333333333,157.13041666666666,208.53791666666666,251.53875000000002,268.435,280.58208333333334,280.48625,265.8308333333333,238.49916666666664,204.0845833333333,155.15833333333333,101.81708333333334,54.68958333333333,17.687083333333334,0.0,0.0,0.0,0.0
167.0,0.0,0.0,0.0,0.0,12.44375,48.580000000000005,94.61500000000001,149.91791666666668,202.03583333333333,249.31208333333333,278.3979166666667,285.9008333333333,285.17625,256.7475,238.38958333333335,198.92791666666668,151.18375,99.10458333333334,51.48499999999999,16.846666666666668,0.0,0.0,0.0,0.0
168.0,0.0,0.0,0.0,0.0,11.510416666666666,41.064166666666665,86.23333333333333,138.67,190.25583333333336,233.52125,261.50875,278.09999999999997,277.03749999999997,257.80333333333334,235.17125,189.45208333333335,137.39208333333332,91.62208333333332,49.104166666666664,15.4625,0.0,0.0,0.0,0.0
169.0,0.0,0.0,0.0,0.0,11.992083333333333,44.65541666666667,88.3175,139.72666666666666,191.72,227.06041666666667,254.67458333333332,262.87125,253.35,236.4525,209.38208333333333,175.08875,131.57000000000002,86.38625,44.439166666666665,14.855416666666668,0.0,0.0,0.0,0.0
170.0,0.0,0.0,0.0,0.0,12.387916666666667,46.342083333333335,92.45041666666667,145.75291666666666,196.01416666666668,231.3175,241.13583333333335,251.34416666666667,254.38916666666668,239.6925,215.67166666666665,178.18291666666667,140.22833333333332,91.43583333333333,50.71125,17.61625,0.0,0.0,0.0,0.0
171.0,0.0,0.0,0.0,0.0,11.979999999999999,44.57833333333334,90.74125,144.82791666666665,198.4275,237.74166666666667,258.28458333333333,279.8954166666667,277.40833333333336,258.58666666666664,232.21166666666667,195.3345833333333,151.19791666666666,100.86958333333332,55.57583333333333,19.417083333333334,0.0,0.0,0.0,0.0
172.0,0.0,0.0,0.0,0.0,12.255416666666667,47.28791666666667,98.63416666666666,154.12541666666667,207.51250000000002,254.87875,283.32041666666663,298.16583333333335,291.8066666666667,280.3391666666667,254.18624999999997,216.47541666666666,163.74916666666667,109.18041666666666,61.27166666666667,21.065833333333334,0.0,0.0,0.0,0.0
173.0,0.0,0.0,0.0,0.0,11.920416666666666,46.171666666666674,91.04333333333334,146.62166666666667,203.96416666666667,241.33083333333332,269.2891666666667,284.39708333333334,285.6066666666667,261.0441666666667,241.84708333333333,198.41125,152.93708333333333,104.14041666666667,58.95458333333334,20.237916666666667,0.0,0.0,0.0,0.0
174.0,0.0,0.0,0.0,0.0,12.17125,47.893750000000004,95.43708333333332,154.07958333333332,206.16583333333332,246.61541666666668,277.9845833333333,291.6929166666667,295.28749999999997,269.99333333333334,246.36666666666667,203.18500000000003,157.73666666666665,106.15666666666668,57.307916666666664,19.81083333333333,0.0,0.0,0.0,0.0
175.0,0.0,0.0,0.0,0.0,11.76375,46.74541666666667,93.10458333333334,146.56041666666667,198.01874999999998,240.09166666666667,265.87375000000003,271.42541666666665,271.7183333333333,253.78791666666666,228.77041666666665,190.25250000000003,143.08583333333334,94.49000000000001,50.22833333333333,17.34958333333333,0.0,0.0,0.0,0.0
176.0,0.0,0.0,0.0,0.0,11.670833333333334,46.815416666666664,97.73916666666666,151.52958333333333,201.02874999999997,242.8975,265.43541666666664,282.0704166666667,274.05625000000003,260.2870833333333,235.39291666666668,204.1075,151.585,103.44166666666666,56.61333333333334,19.815833333333334,0.0,0.0,0.0,0.0
177.0,0.0,0.0,0.0,0.0,10.994166666666667,43.50333333333333,93.65208333333334,146.34583333333333,197.51916666666668,242.88333333333333,284.1620833333333,299.36,300.5125,284.51166666666666,258.1016666666667,217.87458333333333,165.38291666666666,112.00833333333333,60.85125,21.103333333333335,0.0,0.0,0.0,0.0
178.0,0.0,0.0,0.0,0.0,10.854999999999999,41.672916666666666,87.34833333333334,140.56916666666666,192.38375,232.13,262.30375,276.78249999999997,269.8745833333333,250.58416666666668,220.23833333333334,180.36749999999998,137.89333333333335,93.39916666666666,50.939166666666665,17.226666666666667,0.0,0.0,0.0,0.0
179.0,0.0,0.0,0.0,0.0,10.200833333333334,38.81458333333333,83.18333333333334,131.61208333333335,175.31416666666667,211.45583333333332,234.43625,257.915,262.06916666666666,243.84625000000003,220.86791666666667,185.65,133.52791666666667,88.62374999999999,49.98541666666667,16.932916666666667,0.0,0.0,0.0,0.0
180.0,0.0,0.0,0.0,0.0,10.722916666666668,44.161249999999995,95.10374999999999,150.47166666666666,208.5675,249.66875000000002,276.8595833333333,291.7504166666667,290.33208333333334,272.59625,243.82500000000002,205.04666666666665,160.15541666666667,109.01416666666667,60.34791666666666,19.964583333333334,0.0,0.0,0.0,0.0
181.0,0.0,0.0,0.0,0.0,10.53125,41.452083333333334,84.86125,137.01541666666665,185.60708333333332,218.74375,241.59291666666664,259.8254166666666,261.7604166666667,252.16166666666666,229.76083333333335,189.00333333333333,145.87083333333334,97.69375000000001,52.893750000000004,17.701666666666664,0.0,0.0,0.0,0.0
182.0,0.0,0.0,0.0,0.0,10.105833333333333,43.97541666666667,91.90583333333332,142.69916666666666,194.49291666666667,235.7770833333333,265.43583333333333,265.52916666666664,268.25166666666667,252.275,233.82791666666665,192.17291666666665,152.21166666666667,101.77,55.92208333333334,18.934166666666666,0.0,0.0,0.0,0.0
183.0,0.0,0.0,0.0,0.0,9.505416666666667,43.80916666666667,93.15458333333333,151.63,196.865,227.1966666666667,245.07125,259.69666666666666,268.8883333333333,251.71624999999997,227.5391666666667,188.4775,142.64124999999999,96.435,52.77041666666667,18.469166666666666,0.0,0.0,0.0,0.0
184.0,0.0,0.0,0.0,0.0,9.38875,40.3875,85.62666666666667,137.87083333333334,185.95916666666668,222.63791666666668,245.85458333333335,257.78625,262.8175,247.18666666666664,227.53458333333333,196.37291666666667,157.7075,108.14375,60.06875,20.707083333333333,0.0,0.0,0.0,0.0
185.0,0.0,0.0,0.0,0.0,9.192916666666667,40.38875,89.15749999999998,145.80166666666665,198.17375,236.96083333333334,259.7008333333333,260.67875,261.68916666666667,244.705,219.66333333333333,183.48625,139.94583333333333,93.45583333333333,51.32375,17.254583333333333,0.0,0.0,0.0,0.0
186.0,0.0,0.0,0.0,0.0,8.779166666666667,42.590833333333336,89.28833333333334,139.81458333333333,192.78208333333336,224.49249999999998,236.73749999999998,248.53166666666667,260.7908333333333,227.12,203.4766666666667,171.8841666666667,133.64041666666665,90.87875000000001,50.0275,15.829583333333332,0.0,0.0,0.0,0.0
187.0,0.0,0.0,0.0,0.0,7.889166666666667,35.294583333333335,81.17166666666667,131.88416666666666,181.63625000000002,224.03291666666667,246.57916666666665,264.55833333333334,269.915,263.4270833333333,243.13458333333332,201.54083333333332,155.36499999999998,104.74416666666667,57.51125,18.756249999999998,0.0,0.0,0.0,0.0
188.0,0.0,0.0,0.0,0.0,7.825,35.9575,80.24791666666667,127.6425,177.115,204.50708333333333,227.6025,248.25416666666663,256.2495833333333,256.09166666666664,235.54666666666665,201.82458333333332,155.155,104.78291666666667,56.952916666666674,18.435,0.0,0.0,0.0,0.0
189.0,0.0,0.0,0.0,0.0,7.09125,33.8275,76.635,129.81125,176.11374999999998,217.00291666666666,239.70624999999998,254.36333333333334,252.87333333333333,226.37458333333333,210.39958333333334,181.35041666666666,138.02208333333334,89.81041666666665,47.025,14.114166666666668,0.0,0.0,0.0,0.0
190.0,0.0,0.0,0.0,0.0,6.93625,35.925000000000004,77.60916666666667,126.4525,178.20749999999998,213.88916666666668,243.48666666666668,264.55958333333336,259.1741666666667,252.045,231.62249999999997,194.91916666666668,149.89958333333334,100.13958333333333,52.77333333333333,16.562916666666666,0.0,0.0,0.0,0.0
191.0,0.0,0.0,0.0,0.0,7.13375,36.245,82.58416666666666,135.42125000000001,184.41291666666666,225.2720833333333,245.99916666666664,252.60333333333335,256.47499999999997,239.05458333333334,216.03291666666667,173.5270833333333,134.80416666666667,91.46791666666667,48.79125,15.386666666666665,0.0,0.0,0.0,0.0
192.0,0.0,0.0,0.0,0.0,6.9624999999999995,39.05625,86.23541666666667,139.25375,192.35583333333332,230.29583333333335,258.8391666666667,269.83208333333334,280.475,264.1191666666667,236.56666666666663,195.89458333333334,151.1525,98.34791666666666,52.645833333333336,15.902916666666668,0.0,0.0,0.0,0.0
193.0,0.0,0.0,0.0,0.0,6.2058333333333335,33.98666666666667,77.45541666666666,137.55166666666665,187.6654166666667,220.87958333333333,253.33708333333334,280.2729166666667,271.4629166666667,258.1304166666667,238.37041666666667,198.37791666666666,150.16458333333333,98.29458333333334,51.39125000000001,14.747083333333334,0.0,0.0,0.0,0.0
194.0,0.0,0.0,0.0,0.0,6.044583333333333,33.81041666666667,73.55875,121.41125,169.42833333333334,210.89874999999998,239.0325,244.06500000000003,252.45791666666665,235.78958333333333,211.91583333333335,177.64916666666667,136.9975,90.98916666666666,47.497083333333336,14.035416666666668,0.0,0.0,0.0,0.0
195.0,0.0,0.0,0.0,0.0,6.02875,37.7275,86.22250000000001,144.3425,196.73291666666668,241.00791666666666,265.14,279.8304166666667,276.2283333333333,256.46458333333334,239.06125,194.97958333333335,149.305,97.73833333333334,52.16,15.527500000000002,0.0,0.0,0.0,0.0
196.0,0.0,0.0,0.0,0.0,5.525416666666666,36.13916666666667,82.23458333333333,136.665,189.64874999999998,229.45166666666668,261.28000000000003,266.37833333333333,281.41416666666663,259.3329166666667,236.58083333333335,203.17083333333335,158.62375,102.07166666666666,53.01583333333334,15.077916666666667,0.0,0.0,0.0,0.0
197.0,0.0,0.0,0.0,0.0,5.28625,35.52166666666667,80.86541666666666,133.12041666666667,183.45541666666668,224.04958333333332,245.775,260.3075,254.23000000000002,246.60500000000002,218.69875000000002,185.085,140.53625,91.74083333333334,48.427083333333336,13.902916666666668,0.0,0.0,0.0,0.0
198.0,0.0,0.0,0.0,0.0,4.922083333333333,34.0,80.23041666666667,132.27125,185.26791666666668,226.64125,261.84083333333336,264.6333333333333,261.08750000000003,244.05499999999998,221.69833333333335,185.29791666666665,140.34583333333333,91.97541666666666,47.095416666666665,14.207083333333335,0.0,0.0,0.0,0.0
199.0,0.0,0.0,0.0,0.0,4.585,34.34291666666667,77.56083333333333,133.13,184.71416666666667,230.28083333333333,262.34708333333333,271.43125000000003,272.40708333333333,269.36791666666664,240.31416666666667,200.14041666666665,150.17333333333332,96.94416666666666,49.127916666666664,13.213333333333333,0.0,0.0,0.0,0.0
200.0,0.0,0.0,0.0,0.0,4.227916666666666,32.00666666666667,72.65166666666666,124.83,177.51416666666668,216.95666666666668,255.43416666666667,268.65208333333334,276.52208333333334,254.6575,225.84333333333333,187.82833333333335,138.86333333333334,90.21499999999999,44.72,11.768749999999999,0.0,0.0,0.0,0.0
201.0,0.0,0.0,0.0,0.0,3.862083333333333,32.79333333333333,74.26625,128.35333333333332,183.03125,221.44708333333332,246.85833333333332,260.70708333333334,267.79583333333335,252.72124999999997,229.9283333333333,191.37250000000003,145.6175,94.34249999999999,47.4075,12.124583333333334,0.0,0.0,0.0,0.0
202.0,0.0,0.0,0.0,0.0,3.70875,31.581666666666667,75.31541666666666,129.37083333333334,182.5425,222.14374999999998,241.28875000000002,255.67958333333334,254.63,237.01625,211.51375,178.05791666666667,138.41375,91.19583333333333,45.724583333333335,11.579166666666666,0.0,0.0,0.0,0.0
203.0,0.0,0.0,0.0,0.0,3.3662499999999995,31.5125,75.12333333333333,131.1275,186.83333333333334,232.2145833333333,251.16375000000002,256.67958333333337,238.41958333333332,222.19208333333336,205.94708333333332,176.83416666666668,133.36708333333334,87.13499999999999,43.07125,10.6575,0.0,0.0,0.0,0.0
204.0,0.0,0.0,0.0,0.0,3.0850000000000004,28.779583333333335,69.59625,121.13875,173.70749999999998,217.48083333333332,252.15333333333334,253.21916666666667,256.65291666666667,245.65458333333333,225.22541666666666,180.96083333333334,137.63958333333332,89.5825,43.84791666666666,10.140833333333333,0.0,0.0,0.0,0.0
205.0,0.0,0.0,0.0,0.0,3.0254166666666666,30.72208333333333,73.54166666666667,127.54583333333333,176.215,224.12166666666667,253.51666666666665,265.96208333333334,267.52791666666667,248.45708333333334,231.17208333333335,190.43083333333334,148.81708333333333,96.94375000000001,48.19208333333333,10.46125,0.0,0.0,0.0,0.0
206.0,0.0,0.0,0.0,0.0,2.6341666666666668,30.097083333333334,71.24333333333333,124.62208333333335,175.24708333333334,221.53166666666667,253.1916666666667,269.495,264.3441666666667,245.79583333333335,227.235,180.26791666666668,133.28458333333333,84.26916666666666,41.40208333333333,9.528333333333334,0.0,0.0,0.0,0.0
207.0,0.0,0.0,0.0,0.0,2.4116666666666666,25.61375,60.91458333333333,110.21499999999999,157.86541666666668,200.74375,229.36,244.5925,220.9825,203.46416666666664,182.19791666666666,154.13500000000002,117.30125,73.28083333333333,34.24583333333333,7.727916666666666,0.0,0.0,0.0,0.0
208.0,0.0,0.0,0.0,0.0,2.1025,25.115416666666665,62.168749999999996,113.76166666666667,163.4925,202.96124999999998,233.90416666666667,255.05041666666668,235.52541666666664,229.61541666666668,199.73291666666668,162.02375,117.40916666666668,73.06875000000001,34.19291666666667,7.695416666666667,0.0,0.0,0.0,0.0
209.0,0.0,0.0,0.0,0.0,1.9079166666666667,26.679583333333337,68.04958333333333,120.44625,174.89541666666665,215.44375,253.385,260.86083333333335,252.73791666666668,234.06625,213.32666666666668,170.21708333333333,126.82833333333333,77.99958333333333,36.583333333333336,7.5275,0.0,0.0,0.0,0.0
210.0,0.0,0.0,0.0,0.0,1.8795833333333334,26.893333333333334,71.36958333333332,128.43541666666667,184.4466666666667,225.57583333333332,245.21208333333334,254.40041666666664,255.11875,224.87833333333333,199.29666666666665,159.315,124.77499999999999,79.47416666666668,36.64416666666667,7.18875,0.0,0.0,0.0,0.0
211.0,0.0,0.0,0.0,0.0,1.6600000000000001,25.826666666666668,70.2525,127.3,181.39458333333334,209.33208333333334,229.12583333333336,238.8791666666667,246.06499999999997,226.78166666666667,210.84166666666667,168.73625,128.115,81.70416666666667,38.156666666666666,6.822083333333333,0.0,0.0,0.0,0.0
212.0,0.0,0.0,0.0,0.0,1.4645833333333333,25.175416666666667,67.32166666666667,123.97083333333335,177.51541666666665,217.50833333333333,238.95166666666668,248.70041666666665,244.06958333333333,229.4433333333333,215.71124999999998,183.1,137.70666666666668,85.91333333333334,39.88791666666666,6.3879166666666665,0.0,0.0,0.0,0.0
213.0,0.0,0.0,0.0,0.0,1.2354166666666666,21.795,61.510416666666664,108.61375,161.36625,206.80916666666667,237.88,247.58666666666667,257.2345833333333,237.39625,211.80666666666664,175.89083333333335,129.90958333333333,78.98458333333333,35.05958333333333,5.437916666666666,0.0,0.0,0.0,0.0
214.0,0.0,0.0,0.0,0.0,1.1569565217391304,22.402173913043477,65.6204347826087,118.54913043478261,172.83260869565217,210.51652173913044,226.5408695652174,234.08434782608694,237.29956521739132,226.7430434782609,207.79695652173913,171.92086956521737,124.27391304347827,78.99478260869566,34.86043478260869,5.457826086956522,0.0,0.0,0.0,0.0
215.0,0.0,0.0,0.0,0.0,0.0,26.309565217391306,66.18652173913043,122.65173913043478,177.4186956521739,221.7191304347826,245.3613043478261,254.5282608695652,253.5682608695652,237.01478260869567,215.89434782608694,182.39391304347828,134.78347826086957,84.52913043478262,36.95304347826087,4.817826086956522,0.0,0.0,0.0,0.0
216.0,0.0,0.0,0.0,0.0,0.0,22.979130434782608,62.28565217391304,112.99260869565217,163.83347826086955,205.61173913043476,230.4991304347826,243.09478260869565,248.11304347826083,226.93521739130435,199.31739130434784,162.93130434782609,118.65521739130436,71.82565217391304,31.26913043478261,4.58,0.0,0.0,0.0,0.0
217.0,0.0,0.0,0.0,0.0,0.0,23.665217391304346,62.85347826086957,119.72565217391305,167.5208695652174,210.98217391304348,235.87521739130435,247.90434782608696,252.0008695652174,234.06043478260872,211.7304347826087,171.09565217391304,127.29,80.15521739130435,34.046521739130434,4.44695652173913,0.0,0.0,0.0,0.0
218.0,0.0,0.0,0.0,0.0,0.0,20.165652173913042,59.11434782608696,113.7813043478261,166.50652173913045,211.05217391304348,243.9230434782609,258.1939130434783,258.1808695652174,244.16086956521738,216.1904347826087,166.95739130434782,119.16086956521738,72.7813043478261,31.253478260869567,3.850869565217391,0.0,0.0,0.0,0.0
219.0,0.0,0.0,0.0,0.0,0.0,22.195652173913043,65.17434782608696,121.3291304347826,173.77434782608697,219.50608695652176,243.46782608695653,265.48521739130433,260.34173913043475,246.82217391304349,219.00565217391303,177.78826086956522,128.8508695652174,79.09565217391305,33.299565217391304,3.641739130434783,0.0,0.0,0.0,0.0
220.0,0.0,0.0,0.0,0.0,0.0,19.582173913043476,61.463913043478264,120.52478260869566,177.28130434782608,225.14086956521737,266.8865217391304,278.17782608695654,272.8430434782609,253.09782608695653,223.42565217391305,175.71,125.30478260869566,74.87086956521739,30.30652173913043,3.182608695652174,0.0,0.0,0.0,0.0
221.0,0.0,0.0,0.0,0.0,0.0,19.476521739130433,60.194782608695654,118.04608695652173,173.47173913043477,218.32869565217393,244.9713043478261,262.01000000000005,253.27913043478262,243.37043478260873,224.28347826086957,173.27608695652174,121.58521739130435,74.04434782608696,28.52434782608696,2.734782608695652,0.0,0.0,0.0,0.0
222.0,0.0,0.0,0.0,0.0,0.0,17.57,60.71608695652174,109.44347826086955,154.3917391304348,196.62434782608693,220.47521739130437,234.67695652173913,238.52304347826086,216.3813043478261,202.81521739130434,172.7891304347826,123.69347826086955,75.30782608695652,28.616956521739134,2.623913043478261,0.0,0.0,0.0,0.0
223.0,0.0,0.0,0.0,0.0,0.0,17.92391304347826,63.14652173913043,122.89956521739131,177.0973913043478,219.49478260869566,252.92608695652174,261.53,267.10739130434786,241.3582608695652,217.18130434782609,171.9604347826087,121.09782608695652,72.06695652173913,26.96695652173913,2.2882608695652173,0.0,0.0,0.0,0.0
224.0,0.0,0.0,0.0,0.0,0.0,14.656521739130437,49.66347826086957,98.0313043478261,148.13782608695652,184.71173913043478,211.91652173913045,229.94565217391303,229.5908695652174,209.9073913043478,194.21608695652176,154.1008695652174,110.2704347826087,64.35217391304347,24.03304347826087,1.9469565217391305,0.0,0.0,0.0,0.0
225.0,0.0,0.0,0.0,0.0,0.0,14.823478260869566,50.55869565217392,104.2695652173913,159.55652173913043,205.8178260869565,234.5204347826087,236.90695652173912,228.29956521739132,215.15652173913045,194.31,158.67521739130433,109.71565217391304,64.06304347826087,22.97304347826087,1.7360869565217392,0.0,0.0,0.0,0.0
226.0,0.0,0.0,0.0,0.0,0.0,13.251739130434784,44.06608695652174,89.02304347826087,133.43869565217392,170.3208695652174,195.90565217391304,216.01782608695652,215.0708695652174,204.13478260869567,174.35478260869564,141.82608695652175,98.9095652173913,57.68956521739131,20.171739130434784,1.443913043478261,0.0,0.0,0.0,0.0
227.0,0.0,0.0,0.0,0.0,0.0,12.67608695652174,53.721304347826084,108.35695652173914,160.5295652173913,207.88347826086957,235.24608695652174,252.30391304347825,245.03565217391304,223.44608695652175,198.48347826086956,154.19260869565215,108.9304347826087,65.66608695652174,22.87391304347826,1.2682608695652176,0.0,0.0,0.0,0.0
228.0,0.0,0.0,0.0,0.0,0.0,11.875652173913043,46.96521739130435,95.68217391304348,141.39565217391305,187.88260869565218,215.4378260869565,220.6765217391304,223.38782608695652,214.22391304347823,193.70869565217393,156.8782608695652,108.38608695652174,65.5091304347826,23.84130434782609,0.23695652173913045,0.0,0.0,0.0,0.0
229.0,0.0,0.0,0.0,0.0,0.0,11.417826086956522,47.834782608695654,96.25782608695651,143.77826086956523,187.69391304347826,218.33086956521737,229.89652173913043,225.47826086956522,210.24043478260867,177.98086956521738,144.62478260869565,101.02173913043478,57.6295652173913,20.15,0.0,0.0,0.0,0.0,0.0
230.0,0.0,0.0,0.0,0.0,0.0,10.475652173913044,43.7695652173913,88.98652173913044,138.11217391304348,177.0104347826087,212.7613043478261,213.6808695652174,216.46,197.36130434782606,175.10434782608695,136.88304347826087,94.71173913043478,51.506956521739134,17.317826086956522,0.0,0.0,0.0,0.0,0.0
231.0,0.0,0.0,0.0,0.0,0.0,10.321739130434782,50.90521739130435,103.09695652173913,159.61999999999998,200.2295652173913,213.1639130434783,223.61434782608697,227.09478260869565,213.36652173913043,190.1969565217391,156.07434782608695,109.73434782608695,63.48260869565217,19.950434782608696,0.0,0.0,0.0,0.0,0.0
232.0,0.0,0.0,0.0,0.0,0.0,9.702608695652174,47.00782608695653,95.3991304347826,141.63260869565218,178.0295652173913,195.63608695652175,195.75304347826085,197.66826086956522,186.83782608695654,172.51391304347825,141.5391304347826,101.22,56.57086956521739,18.203478260869566,0.0,0.0,0.0,0.0,0.0
233.0,0.0,0.0,0.0,0.0,0.0,8.731304347826086,42.64173913043478,88.29478260869566,139.70608695652172,180.5530434782609,215.58652173913043,226.85521739130436,233.2217391304348,215.64695652173913,192.08782608695654,159.21695652173912,113.04521739130435,60.3295652173913,17.87,0.0,0.0,0.0,0.0,0.0
234.0,0.0,0.0,0.0,0.0,0.0,8.30913043478261,43.52434782608695,93.81913043478262,153.16304347826087,189.08260869565217,215.77086956521742,222.09304347826085,212.88260869565218,199.8708695652174,181.57478260869567,147.59869565217392,99.6017391304348,52.4408695652174,14.334782608695651,0.0,0.0,0.0,0.0,0.0
235.0,0.0,0.0,0.0,0.0,0.0,7.576086956521739,42.15652173913043,90.04,133.36260869565217,172.25782608695653,204.91347826086957,217.61260869565217,230.0313043478261,204.82217391304349,189.80391304347825,153.50565217391303,105.96739130434783,55.48608695652174,15.231304347826086,0.0,0.0,0.0,0.0,0.0
236.0,0.0,0.0,0.0,0.0,0.0,7.145652173913043,41.039565217391306,92.21434782608695,137.55217391304348,181.32391304347826,210.36391304347825,230.59347826086955,226.6404347826087,205.4695652173913,189.33,145.42260869565217,100.53086956521739,53.170869565217394,13.346521739130436,0.0,0.0,0.0,0.0,0.0
237.0,0.0,0.0,0.0,0.0,0.0,6.746086956521739,40.57173913043478,85.42521739130434,134.64217391304348,179.36695652173913,205.36217391304348,215.98478260869564,221.52999999999997,205.39913043478262,179.72304347826088,140.3204347826087,93.37913043478262,48.53869565217391,12.245652173913046,0.0,0.0,0.0,0.0,0.0
238.0,0.0,0.0,0.0,0.0,0.0,5.225217391304348,33.78217391304348,73.86130434782608,118.21826086956521,156.76,186.22565217391303,199.69391304347826,195.6808695652174,178.9517391304348,157.95521739130436,128.7082608695652,84.5608695652174,41.68913043478261,11.583913043478262,0.0,0.0,0.0,0.0,0.0
239.0,0.0,0.0,0.0,0.0,0.0,6.006521739130435,42.81782608695652,94.73173913043478,150.64260869565217,202.88434782608695,227.03608695652173,229.91086956521738,227.7126086956522,211.30217391304348,194.75521739130434,148.10478260869564,97.50782608695651,50.46521739130435,11.50391304347826,0.0,0.0,0.0,0.0,0.0
240.0,0.0,0.0,0.0,0.0,0.0,5.154782608695652,38.34130434782609,87.44521739130435,134.02391304347827,175.1082608695652,211.43130434782609,216.12347826086958,218.69565217391303,193.58652173913043,175.93652173913043,134.05434782608697,88.5104347826087,44.4895652173913,9.424347826086956,0.0,0.0,0.0,0.0,0.0
241.0,0.0,0.0,0.0,0.0,0.0,4.809565217391304,39.81434782608696,93.56565217391304,152.97,199.01304347826087,224.4817391304348,227.63652173913044,219.28608695652173,193.34826086956522,165.05,127.89217391304348,83.8004347826087,41.28434782608696,9.068695652173913,0.0,0.0,0.0,0.0,0.0
242.0,0.0,0.0,0.0,0.0,0.0,4.582608695652174,36.76869565217391,82.29,132.29304347826087,175.9517391304348,193.6413043478261,190.46652173913043,192.04999999999998,175.6273913043478,157.09782608695653,123.61782608695653,82.32565217391304,39.77608695652174,8.248695652173913,0.0,0.0,0.0,0.0,0.0
243.0,0.0,0.0,0.0,0.0,0.0,4.155217391304348,40.09695652173913,88.37913043478261,136.86391304347825,182.29608695652175,214.23130434782607,214.20217391304345,212.46391304347827,198.70869565217393,181.6986956521739,142.03304347826085,92.67652173913044,44.86173913043478,7.530434782608697,0.0,0.0,0.0,0.0,0.0
244.0,0.0,0.0,0.0,0.0,0.0,3.7886956521739132,40.74826086956522,91.73260869565217,152.64,198.2104347826087,218.73608695652175,215.29739130434783,224.91086956521738,204.84391304347827,184.18956521739128,147.0417391304348,95.65826086956521,42.57217391304348,6.84695652173913,0.0,0.0,0.0,0.0,0.0
245.0,0.0,0.0,0.0,0.0,0.0,3.433478260869565,36.98434782608695,89.30739130434783,143.63130434782607,195.0782608695652,227.8717391304348,231.47826086956522,233.62695652173915,210.84478260869565,183.02565217391304,143.94739130434783,91.07695652173913,42.59869565217391,6.369130434782609,0.0,0.0,0.0,0.0,0.0
246.0,0.0,0.0,0.0,0.0,0.0,2.9391304347826086,32.00391304347826,75.25869565217391,125.76086956521739,173.65608695652173,214.9882608695652,217.09217391304347,206.37304347826085,182.8539130434783,157.0230434782609,122.3791304347826,81.4504347826087,35.64043478260869,5.208260869565217,0.0,0.0,0.0,0.0,0.0
247.0,0.0,0.0,0.0,0.0,0.0,2.6186956521739133,34.67304347826087,81.23347826086956,139.56391304347827,189.1969565217391,223.08695652173913,228.98347826086956,226.62260869565216,213.00521739130434,183.65826086956523,137.71,90.0091304347826,39.26565217391305,4.633913043478261,0.0,0.0,0.0,0.0,0.0
248.0,0.0,0.0,0.0,0.0,0.0,2.3086956521739133,32.654347826086955,77.97217391304348,127.42565217391304,171.73304347826087,206.4073913043478,210.82478260869567,209.68217391304347,183.52,160.60565217391303,126.37304347826087,79.72086956521738,34.743478260869566,3.963913043478261,0.0,0.0,0.0,0.0,0.0
249.0,0.0,0.0,0.0,0.0,0.0,2.0582608695652174,30.770000000000003,75.19347826086957,123.2586956521739,166.13,192.48478260869564,198.32695652173916,205.2813043478261,194.67695652173913,165.5578260869565,126.74652173913044,80.31173913043479,34.68217391304348,3.595652173913044,0.0,0.0,0.0,0.0,0.0
250.0,0.0,0.0,0.0,0.0,0.0,2.0056521739130435,32.26130434782608,85.59,142.76565217391305,193.34608695652173,218.5691304347826,220.75260869565216,216.92478260869566,199.67347826086956,171.9769565217391,128.22086956521738,82.37739130434782,35.426086956521736,3.191304347826087,0.0,0.0,0.0,0.0,0.0
251.0,0.0,0.0,0.0,0.0,0.0,1.6521739130434783,27.72304347826087,71.06782608695652,121.3795652173913,165.75478260869565,192.19260869565218,205.91608695652172,215.8473913043478,200.75608695652176,176.20608695652174,130.6391304347826,81.11217391304348,33.39478260869565,2.818695652173913,0.0,0.0,0.0,0.0,0.0
252.0,0.0,0.0,0.0,0.0,0.0,1.4369565217391302,28.25,73.07826086956521,128.87347826086958,175.45,204.7304347826087,212.74260869565217,212.52739130434784,193.27347826086955,163.4930434782609,122.24869565217392,77.85695652173914,31.464782608695653,2.4017391304347826,0.0,0.0,0.0,0.0,0.0
253.0,0.0,0.0,0.0,0.0,0.0,1.2978260869565217,28.09478260869565,74.8795652173913,127.64652173913043,175.2317391304348,193.32869565217393,198.05217391304348,197.39695652173913,180.67391304347825,154.55173913043478,114.4813043478261,73.42260869565217,28.90478260869565,2.0556521739130433,0.0,0.0,0.0,0.0,0.0
254.0,0.0,0.0,0.0,0.0,0.0,0.2539130434782609,27.773043478260867,65.84347826086957,113.33217391304348,151.21869565217392,176.29130434782607,185.70391304347825,182.5895652173913,170.68695652173915,142.73956521739132,102.84217391304347,62.37521739130435,23.176086956521736,1.5104347826086957,0.0,0.0,0.0,0.0,0.0
255.0,0.0,0.0,0.0,0.0,0.0,0.0,27.76608695652174,71.38739130434783,128.0508695652174,175.33,205.7273913043478,216.19521739130434,211.0391304347826,187.1460869565217,160.49347826086955,117.30826086956522,73.37217391304348,26.501304347826085,1.3869565217391304,0.0,0.0,0.0,0.0,0.0
256.0,0.0,0.0,0.0,0.0,0.0,0.0,26.770869565217392,72.48826086956522,123.86652173913043,171.79521739130433,194.9004347826087,203.35739130434783,205.13,181.96347826086955,160.2617391304348,115.47086956521738,66.8691304347826,24.580000000000002,0.23652173913043475,0.0,0.0,0.0,0.0,0.0
257.0,0.0,0.0,0.0,0.0,0.0,0.0,24.57,66.41782608695652,117.59260869565217,165.7191304347826,195.67130434782607,196.65565217391304,205.14086956521737,193.03478260869565,165.4217391304348,120.42217391304348,70.36652173913043,26.501739130434782,0.0,0.0,0.0,0.0,0.0,0.0
258.0,0.0,0.0,0.0,0.0,0.0,0.0,24.988260869565217,69.95478260869565,122.3804347826087,165.89739130434782,190.62304347826085,209.59608695652173,209.68,187.79391304347828,156.61304347826086,114.57608695652173,67.63260869565217,22.813913043478262,0.0,0.0,0.0,0.0,0.0,0.0
259.0,0.0,0.0,0.0,0.0,0.0,0.0,23.461739130434783,71.57,124.52173913043478,173.51,199.81,204.58739130434785,203.98565217391305,184.3778260869565,154.4391304347826,110.37217391304348,64.84130434782608,21.77913043478261,0.0,0.0,0.0,0.0,0.0,0.0
260.0,0.0,0.0,0.0,0.0,0.0,0.0,21.722608695652173,66.16173913043478,115.65434782608696,160.37652173913042,187.10043478260872,192.5082608695652,187.51478260869567,175.15869565217392,147.33304347826086,106.62391304347825,60.419130434782616,19.49608695652174,0.0,0.0,0.0,0.0,0.0,0.0
261.0,0.0,0.0,0.0,0.0,0.0,0.0,19.807391304347824,62.06217391304348,112.82217391304347,154.46434782608694,179.75521739130434,182.30652173913043,177.49304347826086,156.43826086956523,134.24217391304347,92.96782608695653,52.07826086956521,15.114347826086956,0.0,0.0,0.0,0.0,0.0,0.0
262.0,0.0,0.0,0.0,0.0,0.0,0.0,16.615652173913045,55.54304347826087,102.4791304347826,144.53652173913045,169.9404347826087,184.94739130434783,178.08,157.7395652173913,136.1417391304348,95.53695652173913,53.25173913043478,16.04826086956522,0.0,0.0,0.0,0.0,0.0,0.0
263.0,0.0,0.0,0.0,0.0,0.0,0.0,17.40869565217391,55.58521739130435,103.39434782608696,145.92217391304348,182.66739130434783,186.4295652173913,180.58434782608694,163.0895652173913,137.75739130434783,94.34695652173913,51.54478260869565,13.910869565217391,0.0,0.0,0.0,0.0,0.0,0.0
264.0,0.0,0.0,0.0,0.0,0.0,0.0,16.00304347826087,60.235652173913046,111.63391304347826,158.33652173913043,190.16608695652172,190.1904347826087,181.86652173913043,166.04,137.60695652173914,99.20869565217392,53.96869565217391,13.042173913043479,0.0,0.0,0.0,0.0,0.0,0.0
265.0,0.0,0.0,0.0,0.0,0.0,0.0,15.364347826086956,57.84478260869565,107.3795652173913,146.68565217391304,174.18304347826088,181.58086956521737,178.1504347826087,155.95434782608694,133.42695652173913,90.3104347826087,49.25739130434783,12.421304347826087,0.0,0.0,0.0,0.0,0.0,0.0
266.0,0.0,0.0,0.0,0.0,0.0,0.0,14.637826086956522,56.99434782608695,102.77391304347827,143.63478260869564,173.06521739130434,181.01260869565218,178.60130434782607,162.62695652173915,131.9691304347826,91.84391304347825,48.916956521739124,11.230869565217391,0.0,0.0,0.0,0.0,0.0,0.0
267.0,0.0,0.0,0.0,0.0,0.0,0.0,13.44086956521739,55.783478260869565,105.97217391304348,152.09652173913042,180.59826086956522,194.8295652173913,186.27217391304347,169.3586956521739,138.19304347826088,96.31739130434784,50.85478260869566,10.525652173913043,0.0,0.0,0.0,0.0,0.0,0.0
268.0,0.0,0.0,0.0,0.0,0.0,0.0,13.492608695652173,57.447391304347825,112.99956521739132,158.7082608695652,184.0608695652174,184.0895652173913,176.1717391304348,160.34217391304347,129.7104347826087,90.88956521739131,46.520434782608696,9.333043478260869,0.0,0.0,0.0,0.0,0.0,0.0
269.0,0.0,0.0,0.0,0.0,0.0,0.0,11.747826086956522,51.74391304347826,102.97782608695651,155.09130434782608,176.92869565217393,190.93478260869566,186.27,167.55608695652174,135.46217391304347,94.42086956521739,49.03652173913043,8.663478260869566,0.0,0.0,0.0,0.0,0.0,0.0
270.0,0.0,0.0,0.0,0.0,0.0,0.0,10.507391304347825,50.23217391304348,97.95,141.97173913043477,171.27826086956523,180.40652173913045,172.6404347826087,155.29,126.17999999999999,85.68739130434783,43.84347826086957,7.482608695652174,0.0,0.0,0.0,0.0,0.0,0.0
271.0,0.0,0.0,0.0,0.0,0.0,0.0,10.123913043478261,47.12260869565217,92.66565217391305,137.90565217391304,160.89217391304348,170.81304347826085,161.41739130434783,147.91391304347826,123.19652173913043,82.15608695652173,39.51869565217392,6.450434782608695,0.0,0.0,0.0,0.0,0.0,0.0
272.0,0.0,0.0,0.0,0.0,0.0,0.0,9.420434782608696,47.90217391304348,97.95347826086956,143.58173913043478,170.69956521739132,185.60347826086957,178.22565217391303,157.6273913043478,129.6873913043478,86.93739130434783,41.98347826086957,5.923913043478261,0.0,0.0,0.0,0.0,0.0,0.0
273.0,0.0,0.0,0.0,0.0,0.0,0.0,8.336086956521738,43.02347826086957,86.08347826086957,126.30608695652174,159.2486956521739,162.78217391304347,155.89434782608697,135.81739130434784,108.09260869565217,70.04652173913043,32.77304347826087,4.9165217391304346,0.0,0.0,0.0,0.0,0.0,0.0
274.0,0.0,0.0,0.0,0.0,0.0,0.0,7.532608695652174,40.960434782608694,81.91130434782609,120.55652173913042,139.51695652173913,148.15695652173915,140.83739130434785,130.12695652173915,107.01043478260871,69.2291304347826,31.601739130434783,4.130869565217391,0.0,0.0,0.0,0.0,0.0,0.0
275.0,0.0,0.0,0.0,0.0,0.0,0.0,6.530434782608695,41.12652173913044,83.18565217391304,123.5508695652174,148.43521739130435,163.66304347826087,152.0182608695652,139.70304347826087,110.88217391304347,75.00826086956522,32.73565217391304,3.856086956521739,0.0,0.0,0.0,0.0,0.0,0.0
276.0,0.0,0.0,0.0,0.0,0.0,0.0,6.352608695652173,41.50826086956521,88.66956521739131,131.88608695652175,154.55608695652174,160.64565217391305,158.79434782608695,143.80695652173912,116.21652173913044,75.13608695652174,33.34695652173913,3.5126086956521743,0.0,0.0,0.0,0.0,0.0,0.0
277.0,0.0,0.0,0.0,0.0,0.0,0.0,5.851304347826088,38.67086956521739,86.71521739130435,125.99913043478261,147.13521739130437,158.37608695652173,153.63695652173914,140.05913043478262,116.94434782608695,76.34521739130435,32.60913043478261,2.925217391304348,0.0,0.0,0.0,0.0,0.0,0.0
278.0,0.0,0.0,0.0,0.0,0.0,0.0,5.221739130434782,37.960434782608694,80.95304347826087,118.31695652173913,137.2778260869565,147.43347826086958,146.49739130434781,127.45217391304348,103.05478260869566,64.63478260869564,28.981304347826086,2.349565217391304,0.0,0.0,0.0,0.0,0.0,0.0
279.0,0.0,0.0,0.0,0.0,0.0,0.0,4.552173913043478,37.665217391304346,78.27304347826087,114.97826086956522,142.96347826086955,156.91434782608695,149.99521739130435,136.72260869565216,109.24521739130434,67.47565217391305,27.686956521739127,2.1408695652173915,0.0,0.0,0.0,0.0,0.0,0.0
280.0,0.0,0.0,0.0,0.0,0.0,0.0,4.302173913043478,38.00086956521739,78.10260869565217,117.71608695652175,142.5386956521739,149.9517391304348,144.90608695652173,124.22739130434783,96.80521739130435,58.86565217391305,24.129565217391306,1.6947826086956521,0.0,0.0,0.0,0.0,0.0,0.0
281.0,0.0,0.0,0.0,0.0,0.0,0.0,3.8995652173913045,34.80347826086957,75.97130434782608,116.19826086956522,143.12695652173915,156.15826086956523,148.23086956521738,127.04913043478261,100.53869565217391,63.26478260869565,24.977826086956522,1.3347826086956522,0.0,0.0,0.0,0.0,0.0,0.0
282.0,0.0,0.0,0.0,0.0,0.0,0.0,3.511304347826087,37.08521739130435,75.99043478260869,116.86043478260869,140.17652173913044,152.78739130434784,152.28521739130434,130.04391304347828,98.65521739130436,62.08869565217391,25.26391304347826,0.41956521739130437,0.0,0.0,0.0,0.0,0.0,0.0
283.0,0.0,0.0,0.0,0.0,0.0,0.0,3.3108695652173914,38.29826086956522,85.44826086956522,127.92652173913044,151.2826086956522,160.3917391304348,160.5595652173913,135.50521739130434,107.09652173913042,65.01260869565218,24.915652173913042,0.0,0.0,0.0,0.0,0.0,0.0,0.0
284.0,0.0,0.0,0.0,0.0,0.0,0.0,2.8352173913043477,31.186956521739127,72.59347826086957,111.70695652173912,138.98217391304348,152.3608695652174,141.75391304347826,121.38478260869564,92.96260869565216,57.77086956521739,21.25565217391304,0.0,0.0,0.0,0.0,0.0,0.0,0.0
285.0,0.0,0.0,0.0,0.0,0.0,0.0,2.325217391304348,31.224347826086955,71.20347826086957,113.47304347826088,138.4073913043478,151.0608695652174,148.24739130434781,125.36217391304348,94.63130434782609,56.17695652173913,18.90478260869565,0.0,0.0,0.0,0.0,0.0,0.0,0.0
286.0,0.0,0.0,0.0,0.0,0.0,0.0,1.8630434782608696,26.995217391304347,55.05478260869565,85.87869565217392,110.8808695652174,123.83565217391306,123.6595652173913,110.23391304347827,84.17173913043479,50.91782608695652,17.436521739130434,0.0,0.0,0.0,0.0,0.0,0.0,0.0
287.0,0.0,0.0,0.0,0.0,0.0,0.0,1.7,25.14608695652174,52.907826086956526,83.26869565217392,106.2613043478261,117.81826086956521,109.10608695652174,96.28565217391305,72.72086956521738,43.68695652173913,13.418695652173913,0.0,0.0,0.0,0.0,0.0,0.0,0.0
288.0,0.0,0.0,0.0,0.0,0.0,0.0,1.4373913043478261,25.88086956521739,60.97869565217391,94.02217391304349,122.70608695652173,133.41695652173914,125.39521739130436,110.53434782608696,85.68608695652173,53.46739130434783,16.55304347826087,0.0,0.0,0.0,0.0,0.0,0.0,0.0
289.0,0.0,0.0,0.0,0.0,0.0,0.0,1.2817391304347827,24.635217391304348,61.777826086956516,96.09391304347825,123.41608695652175,133.78739130434784,127.60347826086957,116.56608695652174,88.39869565217391,50.50739130434783,14.287826086956523,0.0,0.0,0.0,0.0,0.0,0.0,0.0
290.0,0.0,0.0,0.0,0.0,0.0,0.0,0.6573913043478261,27.75695652173913,70.87347826086956,112.45826086956522,138.41130434782607,148.92608695652174,141.2478260869565,122.91434782608697,92.04434782608696,54.06130434782609,15.369130434782608,0.0,0.0,0.0,0.0,0.0,0.0,0.0
291.0,0.0,0.0,0.0,0.0,0.0,0.0,0.0,25.79826086956522,60.94217391304348,96.42347826086957,125.37260869565218,136.82565217391303,132.40391304347827,110.36173913043478,80.39347826086956,46.068260869565215,12.063478260869564,0.0,0.0,0.0,0.0,0.0,0.0,0.0
292.0,0.0,0.0,0.0,0.0,0.0,0.0,0.0,25.96260869565217,62.02739130434783,104.40130434782608,128.98608695652175,138.84782608695653,128.45869565217393,109.87869565217392,82.81695652173913,46.53521739130434,11.68913043478261,0.0,0.0,0.0,0.0,0.0,0.0,0.0
293.0,0.0,0.0,0.0,0.0,0.0,0.0,0.0,21.53304347826087,57.22347826086957,91.67652173913044,118.56608695652174,130.07478260869564,127.4608695652174,105.77608695652174,76.9608695652174,43.37869565217392,10.068260869565217,0.0,0.0,0.0,0.0,0.0,0.0,0.0
294.0,0.0,0.0,0.0,0.0,0.0,0.0,0.0,20.35478260869565,53.30130434782609,86.38173913043478,110.44173913043478,126.2195652173913,120.65608695652175,102.29086956521739,73.17565217391304,38.44260869565217,9.344782608695652,0.0,0.0,0.0,0.0,0.0,0.0,0.0
295.0,0.0,0.0,0.0,0.0,0.0,0.0,0.0,21.492173913043477,57.99739130434783,95.98782608695652,120.36478260869565,132.22695652173914,123.24652173913044,99.52043478260869,73.27695652173912,39.23608695652174,8.552608695652173,0.0,0.0,0.0,0.0,0.0,0.0,0.0
296.0,0.0,0.0,0.0,0.0,0.0,0.0,0.0,18.70173913043478,56.44347826086957,90.7613043478261,118.21304347826087,129.9291304347826,122.01739130434783,102.91347826086958,72.94826086956522,38.85695652173913,7.843913043478261,0.0,0.0,0.0,0.0,0.0,0.0,0.0
297.0,0.0,0.0,0.0,0.0,0.0,0.0,0.0,17.471304347826088,50.923478260869565,83.0104347826087,105.99173913043478,113.75652173913043,107.40869565217392,92.03,66.04782608695652,33.7604347826087,6.739565217391304,0.0,0.0,0.0,0.0,0.0,0.0,0.0
298.0,0.0,0.0,0.0,0.0,0.0,0.0,0.0,15.666086956521738,47.50608695652174,84.20304347826087,110.01739130434783,120.55695652173912,115.06652173913042,99.26695652173912,71.7604347826087,37.8704347826087,6.251304347826087,0.0,0.0,0.0,0.0,0.0,0.0,0.0
299.0,0.0,0.0,0.0,0.0,0.0,0.0,0.0,14.090434782608694,41.76608695652174,73.53739130434784,92.92260869565216,108.46173913043478,105.43347826086958,87.02956521739131,62.70608695652174,32.39,5.710000000000001,0.0,0.0,0.0,0.0,0.0,0.0,0.0
300.0,0.0,0.0,0.0,0.0,0.0,0.0,0.0,15.280434782608696,50.39086956521739,86.74173913043478,114.63652173913043,124.21260869565216,118.6713043478261,95.85652173913043,70.39652173913043,36.41695652173913,5.408695652173913,0.0,0.0,0.0,0.0,0.0,0.0,0.0
301.0,0.0,0.0,0.0,0.0,0.0,0.0,0.0,13.742173913043478,47.32217391304348,81.32565217391304,106.56608695652174,121.6595652173913,114.54913043478261,93.50695652173913,68.03695652173913,34.141304347826086,4.9482608695652175,0.0,0.0,0.0,0.0,0.0,0.0,0.0
302.0,0.0,0.0,0.0,0.0,0.0,0.0,0.0,12.719565217391304,42.72391304347826,76.33173913043478,99.98260869565217,109.85347826086957,102.9513043478261,86.94782608695652,60.06695652173913,29.473478260869566,3.9956521739130437,0.0,0.0,0.0,0.0,0.0,0.0,0.0
303.0,0.0,0.0,0.0,0.0,0.0,0.0,0.0,11.688695652173912,40.9895652173913,72.63260869565217,94.48304347826088,108.02695652173912,100.72826086956522,84.23739130434782,58.99956521739131,26.974347826086955,3.6469565217391304,0.0,0.0,0.0,0.0,0.0,0.0,0.0
304.0,0.0,0.0,0.0,0.0,0.0,0.0,0.0,10.073478260869566,36.13347826086956,72.23304347826088,92.44521739130435,107.34782608695652,99.31782608695652,86.3,58.65347826086956,28.22086956521739,3.3347826086956522,0.0,0.0,0.0,0.0,0.0,0.0,0.0
305.0,0.0,0.0,0.0,0.0,0.0,0.0,0.0,9.545217391304348,41.78695652173913,76.92347826086957,103.34565217391304,115.1017391304348,111.22130434782609,100.34,71.68086956521739,32.67739130434783,3.181304347826087,0.0,0.0,0.0,0.0,0.0,0.0,0.0
306.0,0.0,0.0,0.0,0.0,0.0,0.0,0.0,8.781304347826087,37.91434782608695,70.61130434782608,89.71391304347826,103.90130434782608,95.15565217391304,77.46565217391304,53.43739130434783,23.466521739130435,2.227391304347826,0.0,0.0,0.0,0.0,0.0,0.0,0.0
307.0,0.0,0.0,0.0,0.0,0.0,0.0,0.0,8.182608695652174,39.361304347826085,73.91,98.72347826086956,106.20217391304348,100.74695652173912,84.83173913043478,60.14521739130434,26.496521739130433,2.3060869565217392,0.0,0.0,0.0,0.0,0.0,0.0,0.0
308.0,0.0,0.0,0.0,0.0,0.0,0.0,0.0,7.425217391304348,41.58652173913043,79.43304347826087,107.07000000000001,115.68391304347826,108.27,85.87565217391305,59.14217391304348,24.79304347826087,2.0908695652173916,0.0,0.0,0.0,0.0,0.0,0.0,0.0
309.0,0.0,0.0,0.0,0.0,0.0,0.0,0.0,6.38304347826087,33.910869565217396,65.37695652173913,87.54130434782608,96.05217391304348,91.92391304347827,72.96478260869566,51.036086956521736,21.92304347826087,1.6382608695652174,0.0,0.0,0.0,0.0,0.0,0.0,0.0
310.0,0.0,0.0,0.0,0.0,0.0,0.0,0.0,5.949130434782608,36.29478260869565,67.29086956521739,89.51217391304347,96.5904347826087,90.32391304347826,74.25869565217391,50.72043478260869,21.248695652173915,1.4804347826086954,0.0,0.0,0.0,0.0,0.0,0.0,0.0
311.0,0.0,0.0,0.0,0.0,0.0,0.0,0.0,5.283913043478261,36.20086956521739,65.18086956521739,88.91391304347826,101.0095652173913,92.2895652173913,74.25434782608696,48.38652173913043,19.55782608695652,1.2147826086956521,0.0,0.0,0.0,0.0,0.0,0.0,0.0
312.0,0.0,0.0,0.0,0.0,0.0,0.0,0.0,4.512173913043478,26.86913043478261,50.48,67.37260869565218,76.62173913043478,74.31739130434782,59.412608695652175,38.82,18.079565217391302,0.0,0.0,0.0,0.0,0.0,0.0,0.0,0.0
313.0,0.0,0.0,0.0,0.0,0.0,0.0,0.0,4.510869565217392,33.84217391304348,63.85347826086956,83.49347826086957,95.8586956521739,88.7604347826087,71.32217391304349,46.53391304347826,19.715652173913046,0.0,0.0,0.0,0.0,0.0,0.0,0.0,0.0
314.0,0.0,0.0,0.0,0.0,0.0,0.0,0.0,3.7404347826086957,29.240434782608695,54.709999999999994,75.53739130434784,88.09521739130435,85.1604347826087,66.16913043478262,43.35521739130434,17.19086956521739,0.0,0.0,0.0,0.0,0.0,0.0,0.0,0.0
315.0,0.0,0.0,0.0,0.0,0.0,0.0,0.0,3.284782608695652,28.332173913043476,52.67521739130434,73.4291304347826,85.37565217391304,77.97869565217391,64.68826086956521,42.24217391304348,16.791304347826088,0.0,0.0,0.0,0.0,0.0,0.0,0.0,0.0
316.0,0.0,0.0,0.0,0.0,0.0,0.0,0.0,3.1878260869565223,30.33608695652174,64.99434782608695,90.26434782608695,102.03521739130434,99.67695652173914,78.20217391304348,51.37,20.245652173913044,0.0,0.0,0.0,0.0,0.0,0.0,0.0,0.0
317.0,0.0,0.0,0.0,0.0,0.0,0.0,0.0,2.864782608695652,29.831739130434784,60.05391304347826,84.17565217391304,92.08217391304348,90.87478260869565,72.5904347826087,46.06391304347826,18.20391304347826,0.0,0.0,0.0,0.0,0.0,0.0,0.0,0.0
318.0,0.0,0.0,0.0,0.0,0.0,0.0,0.0,2.48,25.48130434782609,54.30347826086957,70.36043478260869,81.31304347826087,76.86652173913043,66.4408695652174,43.04521739130435,16.934347826086956,0.0,0.0,0.0,0.0,0.0,0.0,0.0,0.0
319.0,0.0,0.0,0.0,0.0,0.0,0.0,0.0,2.233913043478261,27.020434782608696,57.52739130434782,76.94695652173912,89.96347826086956,87.3004347826087,72.05695652173912,46.55478260869565,17.02782608695652,0.0,0.0,0.0,0.0,0.0,0.0,0.0,0.0
320.0,0.0,0.0,0.0,0.0,0.0,0.0,0.0,1.7530434782608695,25.210869565217394,50.35478260869566,67.13130434782609,78.77608695652175,73.84086956521739,59.41826086956522,35.24217391304347,14.289565217391303,0.0,0.0,0.0,0.0,0.0,0.0,0.0,0.0
321.0,0.0,0.0,0.0,0.0,0.0,0.0,0.0,1.628695652173913,22.35391304347826,47.70086956521739,69.68478260869566,80.48478260869565,76.70347826086957,57.58347826086957,35.525652173913045,12.984782608695651,0.0,0.0,0.0,0.0,0.0,0.0,0.0,0.0
322.0,0.0,0.0,0.0,0.0,0.0,0.0,0.0,1.4291304347826086,21.933913043478263,51.00434782608695,70.98913043478261,78.21565217391304,71.2995652173913,56.81869565217391,33.2,12.120434782608696,0.0,0.0,0.0,0.0,0.0,0.0,0.0,0.0
323.0,0.0,0.0,0.0,0.0,0.0,0.0,0.0,0.98,23.073913043478264,50.18782608695652,72.0891304347826,80.33782608695653,80.75739130434783,68.36565217391305,43.34652173913044,12.521304347826087,0.0,0.0,0.0,0.0,0.0,0.0,0.0,0.0
324.0,0.0,0.0,0.0,0.0,0.0,0.0,0.0,0.0,19.94695652173913,44.4495652173913,60.503043478260864,69.83739130434783,67.90869565217392,57.073913043478264,36.27608695652174,11.254782608695653,0.0,0.0,0.0,0.0,0.0,0.0,0.0,0.0
325.0,0.0,0.0,0.0,0.0,0.0,0.0,0.0,0.0,18.088260869565215,37.778260869565216,53.416956521739124,60.133043478260866,56.712173913043486,46.04304347826087,30.689565217391305,9.34608695652174,0.0,0.0,0.0,0.0,0.0,0.0,0.0,0.0
326.0,0.0,0.0,0.0,0.0,0.0,0.0,0.0,0.0,17.805652173913046,38.65521739130435,53.49434782608695,60.52913043478261,60.68130434782609,48.132173913043474,30.24695652173913,9.591304347826087,0.0,0.0,0.0,0.0,0.0,0.0,0.0,0.0
327.0,0.0,0.0,0.0,0.0,0.0,0.0,0.0,0.0,17.604347826086954,42.291739130434784,68.30695652173912,76.62130434782608,75.20391304347827,61.622173913043476,38.10826086956522,11.031304347826087,0.0,0.0,0.0,0.0,0.0,0.0,0.0,0.0
328.0,0.0,0.0,0.0,0.0,0.0,0.0,0.0,0.0,15.408260869565217,37.32782608695652,56.09478260869565,67.40565217391304,70.80434782608695,57.50391304347827,35.83304347826087,9.866521739130436,0.0,0.0,0.0,0.0,0.0,0.0,0.0,0.0
329.0,0.0,0.0,0.0,0.0,0.0,0.0,0.0,0.0,17.520434782608696,44.321304347826086,65.52347826086957,76.4004347826087,73.90652173913043,58.509565217391305,34.37086956521739,9.160434782608695,0.0,0.0,0.0,0.0,0.0,0.0,0.0,0.0
330.0,0.0,0.0,0.0,0.0,0.0,0.0,0.0,0.0,17.02565217391304,45.440000000000005,71.32391304347826,80.39739130434783,79.21,61.18956521739131,35.57086956521739,9.173043478260869,0.0,0.0,0.0,0.0,0.0,0.0,0.0,0.0
331.0,0.0,0.0,0.0,0.0,0.0,0.0,0.0,0.0,13.343913043478262,35.51130434782608,55.84086956521739,67.0491304347826,66.16304347826087,53.017826086956525,31.46,8.492173913043478,0.0,0.0,0.0,0.0,0.0,0.0,0.0,0.0
332.0,0.0,0.0,0.0,0.0,0.0,0.0,0.0,0.0,14.263478260869565,42.02130434782609,62.59130434782608,72.67086956521739,70.22782608695653,53.6991304347826,31.316521739130433,7.753478260869565,0.0,0.0,0.0,0.0,0.0,0.0,0.0,0.0
333.0,0.0,0.0,0.0,0.0,0.0,0.0,0.0,0.0,12.934782608695652,37.125652173913046,55.30565217391304,68.29,65.59173913043477,50.05347826086957,30.961739130434783,7.769130434782609,0.0,0.0,0.0,0.0,0.0,0.0,0.0,0.0
334.0,0.0,0.0,0.0,0.0,0.0,0.0,0.0,0.0,13.324347826086955,42.74913043478261,60.44043478260869,76.16260869565217,73.77869565217392,56.65086956521739,34.428695652173914,7.851739130434782,0.0,0.0,0.0,0.0,0.0,0.0,0.0,0.0
335.0,0.0,0.0,0.0,0.0,0.0,0.0,0.0,0.0,11.087391304347825,36.59521739130435,51.388695652173915,63.50565217391305,62.762173913043476,49.6604347826087,32.235217391304346,7.054347826086956,0.0,0.0,0.0,0.0,0.0,0.0,0.0,0.0
336.0,0.0,0.0,0.0,0.0,0.0,0.0,0.0,0.0,11.562608695652173,43.03695652173913,64.8113043478261,81.76130434782608,78.08695652173913,58.138695652173915,34.75826086956522,7.447391304347826,0.0,0.0,0.0,0.0,0.0,0.0,0.0,0.0
337.0,0.0,0.0,0.0,0.0,0.0,0.0,0.0,0.0,10.287391304347826,33.32086956521739,51.87521739130435,63.14217391304348,64.68478260869566,52.210869565217386,31.22826086956522,7.031739130434782,0.0,0.0,0.0,0.0,0.0,0.0,0.0,0.0
338.0,0.0,0.0,0.0,0.0,0.0,0.0,0.0,0.0,9.833478260869565,35.37652173913043,56.42478260869565,65.21130434782609,66.54,48.334782608695654,29.96782608695652,6.50695652173913,0.0,0.0,0.0,0.0,0.0,0.0,0.0,0.0
339.0,0.0,0.0,0.0,0.0,0.0,0.0,0.0,0.0,9.346521739130434,33.28130434782609,51.60478260869566,68.18347826086956,63.85434782608696,51.05782608695652,28.823913043478264,6.52695652173913,0.0,0.0,0.0,0.0,0.0,0.0,0.0,0.0
340.0,0.0,0.0,0.0,0.0,0.0,0.0,0.0,0.0,8.224347826086957,34.54913043478261,53.472173913043484,70.87391304347825,67.26173913043478,54.366956521739134,31.54608695652174,6.488260869565217,0.0,0.0,0.0,0.0,0.0,0.0,0.0,0.0
341.0,0.0,0.0,0.0,0.0,0.0,0.0,0.0,0.0,7.943043478260869,33.56826086956522,49.81782608695652,64.90826086956521,63.63695652173914,51.38478260869565,30.901739130434784,6.5456521739130435,0.0,0.0,0.0,0.0,0.0,0.0,0.0,0.0
342.0,0.0,0.0,0.0,0.0,0.0,0.0,0.0,0.0,8.58695652173913,35.00260869565218,58.63173913043478,65.13695652173914,68.37782608695652,51.72391304347826,29.840869565217393,6.899565217391304,0.0,0.0,0.0,0.0,0.0,0.0,0.0,0.0
343.0,0.0,0.0,0.0,0.0,0.0,0.0,0.0,0.0,8.380434782608695,37.69521739130435,62.47608695652174,77.96217391304349,77.7408695652174,61.16782608695652,35.34695652173913,6.934347826086957,0.0,0.0,0.0,0.0,0.0,0.0,0.0,0.0
344.0,0.0,0.0,0.0,0.0,0.0,0.0,0.0,0.0,7.4460869565217385,32.71086956521739,51.546521739130434,68.71434782608696,68.04,53.94565217391305,30.606086956521743,6.684782608695652,0.0,0.0,0.0,0.0,0.0,0.0,0.0,0.0
345.0,0.0,0.0,0.0,0.0,0.0,0.0,0.0,0.0,6.980869565217391,31.735217391304346,47.99913043478261,58.552608695652175,58.04391304347826,47.18695652173913,27.149130434782606,5.9708695652173915,0.0,0.0,0.0,0.0,0.0,0.0,0.0,0.0
346.0,0.0,0.0,0.0,0.0,0.0,0.0,0.0,0.0,6.599130434782609,31.729565217391304,51.94521739130435,63.97304347826086,63.92913043478261,49.22347826086956,29.73086956521739,6.033913043478261,0.0,0.0,0.0,0.0,0.0,0.0,0.0,0.0
347.0,0.0,0.0,0.0,0.0,0.0,0.0,0.0,0.0,5.558260869565218,26.681304347826085,42.133478260869566,53.87826086956522,51.580869565217384,41.56304347826087,23.393478260869564,5.800434782608695,0.0,0.0,0.0,0.0,0.0,0.0,0.0,0.0
348.0,0.0,0.0,0.0,0.0,0.0,0.0,0.0,0.0,5.688695652173913,28.11,45.43304347826087,56.288260869565214,56.5304347826087,43.62130434782608,24.64521739130435,5.547391304347826,0.0,0.0,0.0,0.0,0.0,0.0,0.0,0.0
349.0,0.0,0.0,0.0,0.0,0.0,0.0,0.0,0.0,5.446086956521739,28.71695652173913,46.34478260869565,56.800000000000004,57.09608695652174,44.40347826086956,26.43565217391304,5.822608695652173,0.0,0.0,0.0,0.0,0.0,0.0,0.0,0.0
350.0,0.0,0.0,0.0,0.0,0.0,0.0,0.0,0.0,5.295217391304348,29.59130434782609,45.01173913043478,60.17217391304348,61.178260869565214,50.41782608695652,27.873043478260872,5.787826086956522,0.0,0.0,0.0,0.0,0.0,0.0,0.0,0.0
351.0,0.0,0.0,0.0,0.0,0.0,0.0,0.0,0.0,5.099565217391304,28.60565217391304,50.651739130434784,67.32260869565218,68.60565217391304,52.50869565217391,29.19913043478261,6.333043478260869,0.0,0.0,0.0,0.0,0.0,0.0,0.0,0.0
352.0,0.0,0.0,0.0,0.0,0.0,0.0,0.0,0.0,4.997826086956522,29.94608695652174,50.85304347826087,62.90478260869565,63.29347826086956,48.203478260869566,28.002173913043475,6.493478260869565,0.0,0.0,0.0,0.0,0.0,0.0,0.0,0.0
353.0,0.0,0.0,0.0,0.0,0.0,0.0,0.0,0.0,4.808260869565218,26.784347826086954,51.16217391304348,61.173478260869565,62.17173913043479,48.99,28.40608695652174,6.038695652173913,0.0,0.0,0.0,0.0,0.0,0.0,0.0,0.0
354.0,0.0,0.0,0.0,0.0,0.0,0.0,0.0,0.0,4.786521739130435,29.159130434782607,52.474782608695655,65.97043478260869,65.29260869565218,49.41347826086957,27.727391304347826,6.277391304347826,0.0,0.0,0.0,0.0,0.0,0.0,0.0,0.0
355.0,0.0,0.0,0.0,0.0,0.0,0.0,0.0,0.0,4.3334782608695654,26.388695652173915,43.10739130434783,52.520434782608696,52.05217391304348,40.17,23.428260869565218,5.914782608695652,0.0,0.0,0.0,0.0,0.0,0.0,0.0,0.0
356.0,0.0,0.0,0.0,0.0,0.0,0.0,0.0,0.0,4.182608695652174,28.083478260869562,43.96434782608696,55.77608695652174,58.12478260869565,47.38695652173912,28.53608695652174,6.7760869565217385,0.0,0.0,0.0,0.0,0.0,0.0,0.0,0.0
357.0,0.0,0.0,0.0,0.0,0.0,0.0,0.0,0.0,3.9756521739130433,24.92739130434783,39.99478260869565,51.32217391304348,49.02695652173912,39.89739130434783,24.084782608695654,5.851739130434782,0.0,0.0,0.0,0.0,0.0,0.0,0.0,0.0
358.0,0.0,0.0,0.0,0.0,0.0,0.0,0.0,0.0,3.976086956521739,25.920434782608694,42.04869565217391,52.16478260869565,50.896086956521735,41.823478260869564,24.773043478260867,6.789999999999999,0.0,0.0,0.0,0.0,0.0,0.0,0.0,0.0
359.0,0.0,0.0,0.0,0.0,0.0,0.0,0.0,0.0,3.6317391304347826,24.49304347826087,39.46260869565217,52.96695652173913,51.48304347826087,43.44260869565217,27.15695652173913,6.911304347826087,0.0,0.0,0.0,0.0,0.0,0.0,0.0,0.0
360.0,0.0,0.0,0.0,0.0,0.0,0.0,0.0,0.0,3.9143478260869564,26.852608695652176,49.17565217391304,61.37086956521739,60.076521739130435,45.92869565217392,29.023478260869563,6.9247826086956525,0.0,0.0,0.0,0.0,0.0,0.0,0.0,0.0
361.0,0.0,0.0,0.0,0.0,0.0,0.0,0.0,0.0,3.898695652173913,26.471739130434784,41.86869565217391,55.83217391304348,54.11043478260869,42.97086956521739,27.001304347826085,7.348260869565217,0.0,0.0,0.0,0.0,0.0,0.0,0.0,0.0
362.0,0.0,0.0,0.0,0.0,0.0,0.0,0.0,0.0,4.4052173913043475,29.55217391304348,55.19652173913043,70.9108695652174,72.25391304347826,57.52086956521739,36.23652173913044,8.999130434782609,0.0,0.0,0.0,0.0,0.0,0.0,0.0,0.0
363.0,0.0,0.0,0.0,0.0,0.0,0.0,0.0,0.0,3.5804347826086955,25.40304347826087,45.460434782608694,61.329130434782606,62.57217391304348,50.95913043478261,32.565652173913044,8.306086956521739,0.0,0.0,0.0,0.0,0.0,0.0,0.0,0.0
364.0,0.0,0.0,0.0,0.0,0.0,0.0,0.0,0.0,3.8660869565217393,25.774347826086956,40.82782608695652,51.23521739130435,53.97043478260869,43.12826086956522,26.229565217391304,7.958260869565217,0.0,0.0,0.0,0.0,0.0,0.0,0.0,0.0
365.0,0.0,0.0,0.0,0.0,0.0,0.0,0.0,0.0,3.818260869565217,26.58391304347826,43.641304347826086,56.920869565217394,55.82304347826087,44.92869565217391,27.582608695652173,8.747391304347826,0.0,0.0,0.0,0.0,0.0,0.0,0.0,0.0
366.0,0.0,0.0,0.0,0.0,0.0,0.0,0.0,0.0,3.536,23.676,37.734,49.715999999999994,51.05,42.336,32.034000000000006,8.419999999999998,0.0,0.0,0.0,0.0,0.0,0.0,0.0,0.0
