Date,Growing Year,Thermal Temperature,Cumulative Thermal Temperature
1978-09-01,1978-1979,12.6,12.6
1978-09-02,1978-1979,12.55,25.15
1978-09-03,1978-1979,12.649999999999999,37.8
1978-09-04,1978-1979,12.9,50.699999999999996
1978-09-05,1978-1979,14.8,65.5
1978-09-06,1978-1979,16.25,81.75
1978-09-07,1978-1979,16.65,98.4
1978-09-08,1978-1979,14.350000000000001,112.75
1978-09-09,1978-1979,16.700000000000003,129.45
1978-09-10,1978-1979,19.6,149.04999999999998
1978-09-11,1978-1979,17.15,166.2
1978-09-12,1978-1979,13.450000000000003,179.64999999999998
1978-09-13,1978-1979,16.55,196.2
1978-09-14,1978-1979,14.25,210.45
1978-09-15,1978-1979,14.549999999999999,225.0
1978-09-16,1978-1979,15.2,240.2
1978-09-17,1978-1979,14.55,254.75
1978-09-18,1978-1979,11.900000000000002,266.65
1978-09-19,1978-1979,11.500000000000002,278.15
1978-09-20,1978-1979,11.750000000000002,289.9
1978-09-21,1978-1979,16.35,306.25
1978-09-22,1978-1979,14.950000000000001,321.2
1978-09-23,1978-1979,15.650000000000004,336.84999999999997
1978-09-24,1978-1979,17.349999999999998,354.2
1978-09-25,1978-1979,15.25,369.45
1978-09-26,1978-1979,10.899999999999999,380.34999999999997
1978-09-27,1978-1979,13.299999999999999,393.65
1978-09-28,1978-1979,11.5,405.15
1978-09-29,1978-1979,12.35,417.5
1978-09-30,1978-1979,9.2,426.7
1978-10-01,1978-1979,11.3,438.0
1978-10-02,1978-1979,9.350000000000001,447.35
1978-10-03,1978-1979,9.25,456.6
1978-10-04,1978-1979,9.200000000000001,465.8
1978-10-05,1978-1979,12.95,478.75
1978-10-06,1978-1979,13.8,492.55
1978-10-07,1978-1979,12.499999999999996,505.05
1978-10-08,1978-1979,11.600000000000001,516.65
1978-10-09,1978-1979,13.800000000000002,530.4499999999999
1978-10-10,1978-1979,15.150000000000002,545.5999999999999
1978-10-11,1978-1979,17.599999999999998,563.1999999999999
1978-10-12,1978-1979,16.0,579.1999999999999
1978-10-13,1978-1979,11.049999999999999,590.2499999999999
1978-10-14,1978-1979,11.000000000000002,601.2499999999999
1978-10-15,1978-1979,13.049999999999999,614.2999999999998
1978-10-16,1978-1979,10.049999999999999,624.3499999999998
1978-10-17,1978-1979,8.600000000000001,632.9499999999998
1978-10-18,1978-1979,7.600000000000001,640.5499999999998
1978-10-19,1978-1979,9.399999999999999,649.9499999999998
1978-10-20,1978-1979,11.6,661.5499999999998
1978-10-21,1978-1979,9.15,670.6999999999998
1978-10-22,1978-1979,11.800000000000002,682.4999999999998
1978-10-23,1978-1979,9.5,691.9999999999998
1978-10-24,1978-1979,12.100000000000001,704.0999999999998
1978-10-25,1978-1979,13.850000000000001,717.9499999999998
1978-10-26,1978-1979,13.0,730.9499999999998
1978-10-27,1978-1979,12.75,743.6999999999998
1978-10-28,1978-1979,8.8,752.4999999999998
1978-10-29,1978-1979,9.250000000000004,761.7499999999998
1978-10-30,1978-1979,11.049999999999999,772.7999999999997
1978-10-31,1978-1979,11.899999999999999,784.6999999999997
1978-11-01,1978-1979,12.15,796.8499999999997
1978-11-02,1978-1979,13.700000000000001,810.5499999999997
1978-11-03,1978-1979,8.5,819.0499999999997
1978-11-04,1978-1979,10.049999999999999,829.0999999999997
1978-11-05,1978-1979,11.350000000000001,840.4499999999997
1978-11-06,1978-1979,10.049999999999999,850.4999999999997
1978-11-07,1978-1979,10.8,861.2999999999996
1978-11-08,1978-1979,13.650000000000002,874.9499999999996
1978-11-09,1978-1979,9.55,884.4999999999995
1978-11-10,1978-1979,7.300000000000001,891.7999999999995
1978-11-11,1978-1979,6.8,898.5999999999995
1978-11-12,1978-1979,9.450000000000001,908.0499999999995
1978-11-13,1978-1979,7.3500000000000005,915.3999999999995
1978-11-14,1978-1979,9.25,924.6499999999995
1978-11-15,1978-1979,11.85,936.4999999999995
1978-11-16,1978-1979,7.250000000000002,943.7499999999995
1978-11-17,1978-1979,9.15,952.8999999999995
1978-11-18,1978-1979,11.45,964.3499999999996
1978-11-19,1978-1979,12.65,976.9999999999995
1978-11-20,1978-1979,5.5,982.4999999999995
1978-11-21,1978-1979,7.999999999999999,990.4999999999995
1978-11-22,1978-1979,11.55,1002.0499999999995
1978-11-23,1978-1979,10.600000000000001,1012.6499999999995
1978-11-24,1978-1979,10.55,1023.1999999999995
1978-11-25,1978-1979,3.05,1026.2499999999995
1978-11-26,1978-1979,1.9,1028.1499999999996
1978-11-27,1978-1979,1.2499999999999998,1029.3999999999996
1978-11-28,1978-1979,1.2499999999999998,1030.6499999999996
1978-11-29,1978-1979,1.6999999999999997,1032.3499999999997
1978-11-30,1978-1979,1.65,1033.9999999999998
1978-12-01,1978-1979,0.6,1034.5999999999997
1978-12-02,1978-1979,2.7999999999999994,1037.3999999999996
1978-12-03,1978-1979,3.3500000000000005,1040.7499999999995
1978-12-04,1978-1979,6.050000000000001,1046.7999999999995
1978-12-05,1978-1979,2.5999999999999996,1049.3999999999994
1978-12-06,1978-1979,1.0,1050.3999999999994
1978-12-07,1978-1979,3.8,1054.1999999999994
1978-12-08,1978-1979,5.800000000000001,1059.9999999999993
1978-12-09,1978-1979,9.35,1069.3499999999992
1978-12-10,1978-1979,10.150000000000002,1079.4999999999993
1978-12-11,1978-1979,10.85,1090.3499999999992
1978-12-12,1978-1979,9.65,1099.9999999999993
1978-12-13,1978-1979,6.8,1106.7999999999993
1978-12-14,1978-1979,6.7,1113.4999999999993
1978-12-15,1978-1979,4.8,1118.2999999999993
1978-12-16,1978-1979,4.35,1122.6499999999992
1978-12-17,1978-1979,2.2500000000000004,1124.8999999999992
1978-12-18,1978-1979,2.05,1126.9499999999991
1978-12-19,1978-1979,0.55,1127.499999999999
1978-12-20,1978-1979,0.3,1127.799999999999
1978-12-21,1978-1979,1.0,1128.799999999999
1978-12-22,1978-1979,0.3,1129.099999999999
1978-12-23,1978-1979,2.85,1131.949999999999
1978-12-24,1978-1979,4.450000000000001,1136.399999999999
1978-12-25,1978-1979,5.350000000000001,1141.7499999999989
1978-12-26,1978-1979,6.6,1148.3499999999988
1978-12-27,1978-1979,8.2,1156.5499999999988
1978-12-28,1978-1979,8.6,1165.1499999999987
1978-12-29,1978-1979,7.8,1172.9499999999987
1978-12-30,1978-1979,0.39999999999999997,1173.3499999999988
1978-12-31,1978-1979,0.0,1173.3499999999988
1979-01-01,1978-1979,0.0,1173.3499999999988
1979-01-02,1978-1979,0.3,1173.6499999999987
1979-01-03,1978-1979,0.0,1173.6499999999987
1979-01-04,1978-1979,0.25,1173.8999999999987
1979-01-05,1978-1979,0.0,1173.8999999999987
1979-01-06,1978-1979,1.8,1175.6999999999987
1979-01-07,1978-1979,3.450000000000001,1179.1499999999987
1979-01-08,1978-1979,5.15,1184.2999999999988
1979-01-09,1978-1979,2.5,1186.7999999999988
1979-01-10,1978-1979,2.15,1188.949999999999
1979-01-11,1978-1979,1.45,1190.399999999999
1979-01-12,1978-1979,1.2,1191.599999999999
1979-01-13,1978-1979,0.6,1192.199999999999
1979-01-14,1978-1979,1.0,1193.199999999999
1979-01-15,1978-1979,2.35,1195.5499999999988
1979-01-16,1978-1979,2.9,1198.449999999999
1979-01-17,1978-1979,0.6,1199.0499999999988
1979-01-18,1978-1979,0.15,1199.199999999999
1979-01-19,1978-1979,0.7999999999999999,1199.9999999999989
1979-01-20,1978-1979,1.6999999999999997,1201.699999999999
1979-01-21,1978-1979,0.75,1202.449999999999
1979-01-22,1978-1979,0.0,1202.449999999999
1979-01-23,1978-1979,0.0,1202.449999999999
1979-01-24,1978-1979,0.39999999999999997,1202.849999999999
1979-01-25,1978-1979,1.1,1203.949999999999
1979-01-26,1978-1979,0.25,1204.199999999999
1979-01-27,1978-1979,0.0,1204.199999999999
1979-01-28,1978-1979,1.2999999999999998,1205.4999999999989
1979-01-29,1978-1979,1.5,1206.9999999999989
1979-01-30,1978-1979,1.5,1208.4999999999989
1979-01-31,1978-1979,2.05,1210.5499999999988
1979-02-01,1978-1979,3.7500000000000004,1214.2999999999988
1979-02-02,1978-1979,1.2499999999999998,1215.5499999999988
1979-02-03,1978-1979,2.4499999999999997,1217.9999999999989
1979-02-04,1978-1979,1.8499999999999999,1219.8499999999988
1979-02-05,1978-1979,2.0999999999999996,1221.9499999999987
1979-02-06,1978-1979,1.15,1223.0999999999988
1979-02-07,1978-1979,1.8,1224.8999999999987
1979-02-08,1978-1979,1.35,1226.2499999999986
1979-02-09,1978-1979,1.2,1227.4499999999987
1979-02-10,1978-1979,0.95,1228.3999999999987
1979-02-11,1978-1979,0.95,1229.3499999999988
1979-02-12,1978-1979,0.75,1230.0999999999988
1979-02-13,1978-1979,2.75,1232.8499999999988
1979-02-14,1978-1979,0.049999999999999996,1232.8999999999987
1979-02-15,1978-1979,0.0,1232.8999999999987
1979-02-16,1978-1979,0.0,1232.8999999999987
1979-02-17,1978-1979,0.0,1232.8999999999987
1979-02-18,1978-1979,0.0,1232.8999999999987
1979-02-19,1978-1979,0.19999999999999998,1233.0999999999988
1979-02-20,1978-1979,0.6,1233.6999999999987
1979-02-21,1978-1979,0.8499999999999999,1234.5499999999986
1979-02-22,1978-1979,3.1,1237.6499999999985
1979-02-23,1978-1979,3.8999999999999995,1241.5499999999986
1979-02-24,1978-1979,2.6,1244.1499999999985
1979-02-25,1978-1979,3.0,1247.1499999999985
1979-02-26,1978-1979,2.3,1249.4499999999985
1979-02-27,1978-1979,4.0,1253.4499999999985
1979-02-28,1978-1979,2.55,1255.9999999999984
1979-03-01,1978-1979,4.199999999999999,1260.1999999999985
1979-03-02,1978-1979,6.250000000000001,1266.4499999999985
1979-03-03,1978-1979,9.65,1276.0999999999985
1979-03-04,1978-1979,6.15,1282.2499999999986
1979-03-05,1978-1979,4.8999999999999995,1287.1499999999987
1979-03-06,1978-1979,5.050000000000001,1292.1999999999987
1979-03-07,1978-1979,3.9,1296.0999999999988
1979-03-08,1978-1979,4.7,1300.7999999999988
1979-03-09,1978-1979,5.3999999999999995,1306.199999999999
1979-03-10,1978-1979,5.300000000000001,1311.4999999999989
1979-03-11,1978-1979,6.6,1318.0999999999988
1979-03-12,1978-1979,6.4,1324.4999999999989
1979-03-13,1978-1979,3.7,1328.199999999999
1979-03-14,1978-1979,1.9,1330.099999999999
1979-03-15,1978-1979,0.55,1330.649999999999
1979-03-16,1978-1979,0.19999999999999998,1330.849999999999
1979-03-17,1978-1979,2.25,1333.099999999999
1979-03-18,1978-1979,3.8500000000000005,1336.949999999999
1979-03-19,1978-1979,3.1499999999999995,1340.099999999999
1979-03-20,1978-1979,5.65,1345.749999999999
1979-03-21,1978-1979,4.3500000000000005,1350.099999999999
1979-03-22,1978-1979,3.65,1353.749999999999
1979-03-23,1978-1979,3.7500000000000004,1357.499999999999
1979-03-24,1978-1979,5.45,1362.9499999999991
1979-03-25,1978-1979,7.950000000000002,1370.8999999999992
1979-03-26,1978-1979,4.45,1375.3499999999992
1979-03-27,1978-1979,4.9,1380.2499999999993
1979-03-28,1978-1979,2.9000000000000004,1383.1499999999994
1979-03-29,1978-1979,3.3499999999999996,1386.4999999999993
1979-03-30,1978-1979,4.0,1390.4999999999993
1979-03-31,1978-1979,5.45,1395.9499999999994
1979-04-01,1978-1979,5.9,1401.8499999999995
1979-04-02,1978-1979,4.550000000000001,1406.3999999999994
1979-04-03,1978-1979,3.7500000000000004,1410.1499999999994
1979-04-04,1978-1979,3.3999999999999995,1413.5499999999995
1979-04-05,1978-1979,4.25,1417.7999999999995
1979-04-06,1978-1979,2.9,1420.6999999999996
1979-04-07,1978-1979,5.250000000000001,1425.9499999999996
1979-04-08,1978-1979,5.699999999999999,1431.6499999999996
1979-04-09,1978-1979,8.5,1440.1499999999996
1979-04-10,1978-1979,11.0,1451.1499999999996
1979-04-11,1978-1979,12.800000000000002,1463.9499999999996
1979-04-12,1978-1979,8.8,1472.7499999999995
1979-04-13,1978-1979,10.799999999999999,1483.5499999999995
1979-04-14,1978-1979,13.649999999999999,1497.1999999999996
1979-04-15,1978-1979,14.750000000000002,1511.9499999999996
1979-04-16,1978-1979,9.1,1521.0499999999995
1979-04-17,1978-1979,5.450000000000001,1526.4999999999995
1979-04-18,1978-1979,6.25,1532.7499999999995
1979-04-19,1978-1979,9.049999999999999,1541.7999999999995
1979-04-20,1978-1979,10.049999999999999,1551.8499999999995
1979-04-21,1978-1979,7.8,1559.6499999999994
1979-04-22,1978-1979,8.55,1568.1999999999994
1979-04-23,1978-1979,9.450000000000003,1577.6499999999994
1979-04-24,1978-1979,7.3500000000000005,1584.9999999999993
1979-04-25,1978-1979,6.7,1591.6999999999994
1979-04-26,1978-1979,7.05,1598.7499999999993
1979-04-27,1978-1979,7.85,1606.5999999999992
1979-04-28,1978-1979,7.399999999999999,1613.9999999999993
1979-04-29,1978-1979,6.699999999999999,1620.6999999999994
1979-04-30,1978-1979,6.6000000000000005,1627.2999999999993
1979-05-01,1978-1979,5.1499999999999995,1632.4499999999994
1979-05-02,1978-1979,3.6999999999999997,1636.1499999999994
1979-05-03,1978-1979,4.650000000000001,1640.7999999999995
1979-05-04,1978-1979,3.8500000000000005,1644.6499999999994
1979-05-05,1978-1979,4.7,1649.3499999999995
1979-05-06,1978-1979,5.35,1654.6999999999994
1979-05-07,1978-1979,8.500000000000002,1663.1999999999994
1979-05-08,1978-1979,10.000000000000002,1673.1999999999994
1979-05-09,1978-1979,9.35,1682.5499999999993
1979-05-10,1978-1979,8.9,1691.4499999999994
1979-05-11,1978-1979,12.25,1703.6999999999994
1979-05-12,1978-1979,14.700000000000001,1718.3999999999994
1979-05-13,1978-1979,16.299999999999997,1734.6999999999994
1979-05-14,1978-1979,17.4,1752.0999999999995
1979-05-15,1978-1979,18.05,1770.1499999999994
1979-05-16,1978-1979,16.25,1786.3999999999994
1979-05-17,1978-1979,10.649999999999999,1797.0499999999995
1979-05-18,1978-1979,11.05,1808.0999999999995
1979-05-19,1978-1979,9.8,1817.8999999999994
1979-05-20,1978-1979,9.250000000000002,1827.1499999999994
1979-05-21,1978-1979,10.8,1837.9499999999994
1979-05-22,1978-1979,10.299999999999999,1848.2499999999993
1979-05-23,1978-1979,10.75,1858.9999999999993
1979-05-24,1978-1979,9.35,1868.3499999999992
1979-05-25,1978-1979,8.75,1877.0999999999992
1979-05-26,1978-1979,9.950000000000001,1887.0499999999993
1979-05-27,1978-1979,10.200000000000001,1897.2499999999993
1979-05-28,1978-1979,10.350000000000001,1907.5999999999992
1979-05-29,1978-1979,14.95,1922.5499999999993
1979-05-30,1978-1979,14.200000000000001,1936.7499999999993
1979-05-31,1978-1979,12.95,1949.6999999999994
1979-06-01,1978-1979,11.650000000000004,1961.3499999999995
1979-06-02,1978-1979,14.049999999999999,1975.3999999999994
1979-06-03,1978-1979,12.799999999999999,1988.1999999999994
1979-06-04,1978-1979,15.5,2003.6999999999994
1979-06-05,1978-1979,15.7,2019.3999999999994
1979-06-06,1978-1979,11.95,2031.3499999999995
1979-06-07,1978-1979,10.5,2041.8499999999995
1979-06-08,1978-1979,12.049999999999999,2053.8999999999996
1979-06-09,1978-1979,14.799999999999999,2068.7
1979-06-10,1978-1979,13.800000000000002,2082.5
1979-06-11,1978-1979,12.4,2094.9
1979-06-12,1978-1979,11.0,2105.9
1979-06-13,1978-1979,14.45,2120.35
1979-06-14,1978-1979,13.35,2133.7
1979-06-15,1978-1979,9.75,2143.45
1979-06-16,1978-1979,13.8,2157.25
1979-06-17,1978-1979,16.15,2173.4
1979-06-18,1978-1979,16.950000000000003,2190.35
1979-06-19,1978-1979,16.85,2207.2
1979-06-20,1978-1979,17.599999999999998,2224.7999999999997
1979-06-21,1978-1979,16.5,2241.2999999999997
1979-06-22,1978-1979,13.300000000000002,2254.6
1979-06-23,1978-1979,12.950000000000001,2267.5499999999997
1979-06-24,1978-1979,12.0,2279.5499999999997
1979-06-25,1978-1979,12.4,2291.95
1979-06-26,1978-1979,12.600000000000001,2304.5499999999997
1979-06-27,1978-1979,12.85,2317.3999999999996
1979-06-28,1978-1979,13.399999999999999,2330.7999999999997
1979-06-29,1978-1979,13.600000000000003,2344.3999999999996
1979-06-30,1978-1979,12.65,2357.0499999999997
1979-07-01,1978-1979,12.0,2369.0499999999997
1979-07-02,1978-1979,12.399999999999999,2381.45
1979-07-03,1978-1979,13.5,2394.95
1979-07-04,1978-1979,15.9,2410.85
1979-07-05,1978-1979,16.65,2427.5
1979-07-06,1978-1979,18.1,2445.6
1979-07-07,1978-1979,15.7,2461.2999999999997
1979-07-08,1978-1979,15.7,2476.9999999999995
1979-07-09,1978-1979,17.35,2494.3499999999995
1979-07-10,1978-1979,14.899999999999999,2509.2499999999995
1979-07-11,1978-1979,15.450000000000001,2524.6999999999994
1979-07-12,1978-1979,16.95,2541.649999999999
1979-07-13,1978-1979,16.85,2558.499999999999
1979-07-14,1978-1979,14.8,2573.2999999999993
1979-07-15,1978-1979,16.25,2589.5499999999993
1979-07-16,1978-1979,15.049999999999999,2604.5999999999995
1979-07-17,1978-1979,18.249999999999996,2622.8499999999995
1979-07-18,1978-1979,17.55,2640.3999999999996
1979-07-19,1978-1979,13.600000000000001,2653.9999999999995
1979-07-20,1978-1979,16.0,2669.9999999999995
1979-07-21,1978-1979,14.899999999999999,2684.8999999999996
1979-07-22,1978-1979,11.25,2696.1499999999996
1979-07-23,1978-1979,14.200000000000001,2710.3499999999995
1979-07-24,1978-1979,15.5,2725.8499999999995
1979-07-25,1978-1979,16.45,2742.2999999999993
1979-07-26,1978-1979,17.5,2759.7999999999993
1979-07-27,1978-1979,17.84441402866993,2777.6444140286694
1979-07-28,1978-1979,19.799999999999997,2797.4444140286696
1979-07-29,1978-1979,18.45,2815.8944140286694
1979-07-30,1978-1979,16.5,2832.3944140286694
1979-07-31,1978-1979,16.650000000000002,2849.0444140286695
1979-08-01,1978-1979,16.8,2865.8444140286697
1979-08-02,1978-1979,16.4,2882.24441402867
1979-08-03,1978-1979,15.700000000000001,2897.9444140286696
1979-08-04,1978-1979,16.5,2914.4444140286696
1979-08-05,1978-1979,15.950000000000001,2930.3944140286694
1979-08-06,1978-1979,16.85,2947.2444140286693
1979-08-07,1978-1979,18.15,2965.3944140286694
1979-08-08,1978-1979,14.400000000000002,2979.7944140286695
1979-08-09,1978-1979,14.3,2994.0944140286697
1979-08-10,1978-1979,14.100000000000001,3008.1944140286696
1979-08-11,1978-1979,18.200000000000003,3026.3944140286694
1979-08-12,1978-1979,19.55,3045.9444140286696
1979-08-13,1978-1979,16.85,3062.7944140286695
1979-08-14,1978-1979,17.4,3080.1944140286696
1979-08-15,1978-1979,14.499999999999998,3094.6944140286696
1979-08-16,1978-1979,13.3,3107.99441402867
1979-08-17,1978-1979,15.200000000000001,3123.1944140286696
1979-08-18,1978-1979,15.150000000000002,3138.3444140286697
1979-08-19,1978-1979,15.2,3153.5444140286695
1979-08-20,1978-1979,15.899999999999999,3169.4444140286696
1979-08-21,1978-1979,15.899999999999999,3185.3444140286697
1979-08-22,1978-1979,12.55,3197.89441402867
1979-08-23,1978-1979,10.0,3207.89441402867
1979-08-24,1978-1979,11.8,3219.69441402867
1979-08-25,1978-1979,11.149999999999999,3230.84441402867
1979-08-26,1978-1979,13.299999999999999,3244.1444140286703
1979-08-27,1978-1979,12.2,3256.34441402867
1979-08-28,1978-1979,11.999999999999998,3268.34441402867
1979-08-29,1978-1979,13.7,3282.04441402867
1979-08-30,1978-1979,16.700000000000003,3298.74441402867
1979-08-31,1978-1979,15.45,3314.1944140286696
1979-09-01,1979-1980,17.950000000000003,17.950000000000003
1979-09-02,1979-1980,16.65,34.6
1979-09-03,1979-1980,14.650000000000002,49.25
1979-09-04,1979-1980,15.399999999999999,64.65
1979-09-05,1979-1980,15.5,80.15
1979-09-06,1979-1980,17.150000000000002,97.30000000000001
1979-09-07,1979-1980,14.950000000000001,112.25000000000001
1979-09-08,1979-1980,15.499999999999998,127.75000000000001
1979-09-09,1979-1980,17.75,145.5
1979-09-10,1979-1980,16.15,161.65
1979-09-11,1979-1980,15.25,176.9
1979-09-12,1979-1980,13.35,190.25
1979-09-13,1979-1980,14.1,204.35
1979-09-14,1979-1980,9.85,214.2
1979-09-15,1979-1980,9.649999999999999,223.85
1979-09-16,1979-1980,11.8,235.65
1979-09-17,1979-1980,13.9,249.55
1979-09-18,1979-1980,15.100000000000001,264.65000000000003
1979-09-19,1979-1980,16.650000000000002,281.3
1979-09-20,1979-1980,12.4,293.7
1979-09-21,1979-1980,9.25,302.95
1979-09-22,1979-1980,7.45,310.4
1979-09-23,1979-1980,7.200000000000001,317.59999999999997
1979-09-24,1979-1980,11.25,328.84999999999997
1979-09-25,1979-1980,11.450000000000001,340.29999999999995
1979-09-26,1979-1980,15.500000000000002,355.79999999999995
1979-09-27,1979-1980,13.75,369.54999999999995
1979-09-28,1979-1980,10.35,379.9
1979-09-29,1979-1980,10.399999999999999,390.29999999999995
1979-09-30,1979-1980,11.9,402.19999999999993
1979-10-01,1979-1980,12.8,414.99999999999994
1979-10-02,1979-1980,12.150000000000002,427.1499999999999
1979-10-03,1979-1980,15.25,442.3999999999999
1979-10-04,1979-1980,14.5,456.8999999999999
1979-10-05,1979-1980,10.650000000000004,467.5499999999999
1979-10-06,1979-1980,10.25,477.7999999999999
1979-10-07,1979-1980,14.55,492.3499999999999
1979-10-08,1979-1980,13.850000000000001,506.19999999999993
1979-10-09,1979-1980,16.1,522.3
1979-10-10,1979-1980,13.950000000000003,536.25
1979-10-11,1979-1980,13.800000000000004,550.05
1979-10-12,1979-1980,14.0,564.05
1979-10-13,1979-1980,13.299999999999999,577.3499999999999
1979-10-14,1979-1980,11.25,588.5999999999999
1979-10-15,1979-1980,11.349999999999998,599.9499999999999
1979-10-16,1979-1980,11.75,611.6999999999999
1979-10-17,1979-1980,9.149999999999999,620.8499999999999
1979-10-18,1979-1980,10.700000000000001,631.55
1979-10-19,1979-1980,11.5,643.05
1979-10-20,1979-1980,10.3,653.3499999999999
1979-10-21,1979-1980,9.3,662.6499999999999
1979-10-22,1979-1980,8.700000000000001,671.3499999999999
1979-10-23,1979-1980,7.8,679.1499999999999
1979-10-24,1979-1980,7.85,686.9999999999999
1979-10-25,1979-1980,10.25,697.2499999999999
1979-10-26,1979-1980,10.15,707.3999999999999
1979-10-27,1979-1980,7.15,714.5499999999998
1979-10-28,1979-1980,5.1000000000000005,719.6499999999999
1979-10-29,1979-1980,7.000000000000001,726.6499999999999
1979-10-30,1979-1980,6.8999999999999995,733.5499999999998
1979-10-31,1979-1980,9.850000000000001,743.3999999999999
1979-11-01,1979-1980,8.25,751.6499999999999
1979-11-02,1979-1980,6.6000000000000005,758.2499999999999
1979-11-03,1979-1980,9.5,767.7499999999999
1979-11-04,1979-1980,11.5,779.2499999999999
1979-11-05,1979-1980,8.0,787.2499999999999
1979-11-06,1979-1980,9.15,796.3999999999999
1979-11-07,1979-1980,9.049999999999999,805.4499999999998
1979-11-08,1979-1980,5.050000000000001,810.4999999999998
1979-11-09,1979-1980,4.4,814.8999999999997
1979-11-10,1979-1980,3.8,818.6999999999997
1979-11-11,1979-1980,4.7,823.3999999999997
1979-11-12,1979-1980,3.9000000000000004,827.2999999999997
1979-11-13,1979-1980,2.35,829.6499999999997
1979-11-14,1979-1980,2.35,831.9999999999998
1979-11-15,1979-1980,3.55,835.5499999999997
1979-11-16,1979-1980,3.05,838.5999999999997
1979-11-17,1979-1980,3.6,842.1999999999997
1979-11-18,1979-1980,4.85,847.0499999999997
1979-11-19,1979-1980,6.1,853.1499999999997
1979-11-20,1979-1980,2.9000000000000004,856.0499999999997
1979-11-21,1979-1980,3.8,859.8499999999997
1979-11-22,1979-1980,4.5,864.3499999999997
1979-11-23,1979-1980,7.3999999999999995,871.7499999999997
1979-11-24,1979-1980,4.0,875.7499999999997
1979-11-25,1979-1980,6.350000000000001,882.0999999999997
1979-11-26,1979-1980,9.75,891.8499999999997
1979-11-27,1979-1980,9.299999999999999,901.1499999999996
1979-11-28,1979-1980,9.6,910.7499999999997
1979-11-29,1979-1980,7.1000000000000005,917.8499999999997
1979-11-30,1979-1980,8.750000000000002,926.5999999999997
1979-12-01,1979-1980,10.45,937.0499999999997
1979-12-02,1979-1980,9.9,946.9499999999997
1979-12-03,1979-1980,8.899999999999999,955.8499999999997
1979-12-04,1979-1980,9.2,965.0499999999997
1979-12-05,1979-1980,10.899999999999999,975.9499999999997
1979-12-06,1979-1980,10.050000000000002,985.9999999999997
1979-12-07,1979-1980,10.15,996.1499999999996
1979-12-08,1979-1980,9.85,1005.9999999999997
1979-12-09,1979-1980,9.250000000000002,1015.2499999999997
1979-12-10,1979-1980,8.149999999999999,1023.3999999999996
1979-12-11,1979-1980,5.95,1029.3499999999997
1979-12-12,1979-1980,5.25,1034.5999999999997
1979-12-13,1979-1980,5.35,1039.9499999999996
1979-12-14,1979-1980,5.500000000000001,1045.4499999999996
1979-12-15,1979-1980,5.550000000000001,1050.9999999999995
1979-12-16,1979-1980,5.55,1056.5499999999995
1979-12-17,1979-1980,4.85,1061.3999999999994
1979-12-18,1979-1980,4.3500000000000005,1065.7499999999993
1979-12-19,1979-1980,2.0999999999999996,1067.8499999999992
1979-12-20,1979-1980,1.9,1069.7499999999993
1979-12-21,1979-1980,1.1,1070.8499999999992
1979-12-22,1979-1980,1.0499999999999998,1071.8999999999992
1979-12-23,1979-1980,0.75,1072.6499999999992
1979-12-24,1979-1980,1.5999999999999999,1074.249999999999
1979-12-25,1979-1980,1.9,1076.1499999999992
1979-12-26,1979-1980,3.0,1079.1499999999992
1979-12-27,1979-1980,5.950000000000001,1085.0999999999992
1979-12-28,1979-1980,2.9,1087.9999999999993
1979-12-29,1979-1980,2.25,1090.2499999999993
1979-12-30,1979-1980,1.25,1091.4999999999993
1979-12-31,1979-1980,1.2,1092.6999999999994
1980-01-01,1979-1980,0.0,1092.6999999999994
1980-01-02,1979-1980,0.0,1092.6999999999994
1980-01-03,1979-1980,4.7,1097.3999999999994
1980-01-04,1979-1980,4.1,1101.4999999999993
1980-01-05,1979-1980,3.5000000000000004,1104.9999999999993
1980-01-06,1979-1980,3.95,1108.9499999999994
1980-01-07,1979-1980,4.250000000000001,1113.1999999999994
1980-01-08,1979-1980,2.75,1115.9499999999994
1980-01-09,1979-1980,1.55,1117.4999999999993
1980-01-10,1979-1980,1.1,1118.5999999999992
1980-01-11,1979-1980,1.0,1119.5999999999992
1980-01-12,1979-1980,0.25,1119.8499999999992
1980-01-13,1979-1980,0.55,1120.3999999999992
1980-01-14,1979-1980,0.0,1120.3999999999992
1980-01-15,1979-1980,1.1,1121.499999999999
1980-01-16,1979-1980,1.9,1123.3999999999992
1980-01-17,1979-1980,2.05,1125.4499999999991
1980-01-18,1979-1980,0.25,1125.6999999999991
1980-01-19,1979-1980,1.9500000000000004,1127.6499999999992
1980-01-20,1979-1980,2.8000000000000003,1130.4499999999991
1980-01-21,1979-1980,3.7000000000000006,1134.1499999999992
1980-01-22,1979-1980,4.45,1138.5999999999992
1980-01-23,1979-1980,3.75,1142.3499999999992
1980-01-24,1979-1980,3.25,1145.5999999999992
1980-01-25,1979-1980,3.0000000000000004,1148.5999999999992
1980-01-26,1979-1980,1.9,1150.4999999999993
1980-01-27,1979-1980,1.55,1152.0499999999993
1980-01-28,1979-1980,1.6999999999999997,1153.7499999999993
1980-01-29,1979-1980,4.799999999999999,1158.5499999999993
1980-01-30,1979-1980,5.65,1164.1999999999994
1980-01-31,1979-1980,6.550000000000001,1170.7499999999993
1980-02-01,1979-1980,3.3999999999999995,1174.1499999999994
1980-02-02,1979-1980,4.450000000000001,1178.5999999999995
1980-02-03,1979-1980,4.299999999999999,1182.8999999999994
1980-02-04,1979-1980,4.199999999999999,1187.0999999999995
1980-02-05,1979-1980,5.25,1192.3499999999995
1980-02-06,1979-1980,6.050000000000001,1198.3999999999994
1980-02-07,1979-1980,5.4,1203.7999999999995
1980-02-08,1979-1980,5.9,1209.6999999999996
1980-02-09,1979-1980,8.399999999999999,1218.0999999999997
1980-02-10,1979-1980,6.8500000000000005,1224.9499999999996
1980-02-11,1979-1980,6.55,1231.4999999999995
1980-02-12,1979-1980,5.850000000000001,1237.3499999999995
1980-02-13,1979-1980,5.8500000000000005,1243.1999999999994
1980-02-14,1979-1980,6.199999999999999,1249.3999999999994
1980-02-15,1979-1980,7.8500000000000005,1257.2499999999993
1980-02-16,1979-1980,4.2,1261.4499999999994
1980-02-17,1979-1980,6.999999999999998,1268.4499999999994
1980-02-18,1979-1980,6.800000000000001,1275.2499999999993
1980-02-19,1979-1980,5.8,1281.0499999999993
1980-02-20,1979-1980,4.449999999999999,1285.4999999999993
1980-02-21,1979-1980,5.500000000000001,1290.9999999999993
1980-02-22,1979-1980,7.549999999999999,1298.5499999999993
1980-02-23,1979-1980,4.4,1302.9499999999994
1980-02-24,1979-1980,2.9,1305.8499999999995
1980-02-25,1979-1980,3.65,1309.4999999999995
1980-02-26,1979-1980,2.25,1311.7499999999995
1980-02-27,1979-1980,2.5999999999999996,1314.3499999999995
1980-02-28,1979-1980,4.1,1318.4499999999994
1980-02-29,1979-1980,6.350000000000001,1324.7999999999993
1980-03-01,1979-1980,5.950000000000001,1330.7499999999993
1980-03-02,1979-1980,6.500000000000001,1337.2499999999993
1980-03-03,1979-1980,2.4999999999999996,1339.7499999999993
1980-03-04,1979-1980,4.450000000000001,1344.1999999999994
1980-03-05,1979-1980,3.55,1347.7499999999993
1980-03-06,1979-1980,5.900000000000001,1353.6499999999994
1980-03-07,1979-1980,4.8,1358.4499999999994
1980-03-08,1979-1980,4.85,1363.2999999999993
1980-03-09,1979-1980,5.1499999999999995,1368.4499999999994
1980-03-10,1979-1980,4.199999999999999,1372.6499999999994
1980-03-11,1979-1980,5.2,1377.8499999999995
1980-03-12,1979-1980,6.5,1384.3499999999995
1980-03-13,1979-1980,4.25,1388.5999999999995
1980-03-14,1979-1980,3.05,1391.6499999999994
1980-03-15,1979-1980,2.15,1393.7999999999995
1980-03-16,1979-1980,2.8000000000000003,1396.5999999999995
1980-03-17,1979-1980,2.3000000000000003,1398.8999999999994
1980-03-18,1979-1980,2.95,1401.8499999999995
1980-03-19,1979-1980,0.75,1402.5999999999995
1980-03-20,1979-1980,1.5999999999999999,1404.1999999999994
1980-03-21,1979-1980,0.75,1404.9499999999994
1980-03-22,1979-1980,3.6,1408.5499999999993
1980-03-23,1979-1980,4.35,1412.8999999999992
1980-03-24,1979-1980,5.750000000000002,1418.6499999999992
1980-03-25,1979-1980,7.6499999999999995,1426.2999999999993
1980-03-26,1979-1980,5.45,1431.7499999999993
1980-03-27,1979-1980,7.9,1439.6499999999994
1980-03-28,1979-1980,8.450000000000001,1448.0999999999995
1980-03-29,1979-1980,7.25,1455.3499999999995
1980-03-30,1979-1980,5.2,1460.5499999999995
1980-03-31,1979-1980,7.6,1468.1499999999994
1980-04-01,1979-1980,8.75,1476.8999999999994
1980-04-02,1979-1980,7.65,1484.5499999999995
1980-04-03,1979-1980,5.450000000000001,1489.9999999999995
1980-04-04,1979-1980,5.95,1495.9499999999996
1980-04-05,1979-1980,6.15,1502.0999999999997
1980-04-06,1979-1980,7.9,1509.9999999999998
1980-04-07,1979-1980,6.35,1516.3499999999997
1980-04-08,1979-1980,5.500000000000002,1521.8499999999997
1980-04-09,1979-1980,5.35,1527.1999999999996
1980-04-10,1979-1980,6.9,1534.0999999999997
1980-04-11,1979-1980,6.6499999999999995,1540.7499999999998
1980-04-12,1979-1980,8.850000000000001,1549.5999999999997
1980-04-13,1979-1980,10.85,1560.4499999999996
1980-04-14,1979-1980,12.45,1572.8999999999996
1980-04-15,1979-1980,13.05,1585.9499999999996
1980-04-16,1979-1980,13.0,1598.9499999999996
1980-04-17,1979-1980,12.049999999999999,1610.9999999999995
1980-04-18,1979-1980,10.700000000000001,1621.6999999999996
1980-04-19,1979-1980,10.950000000000001,1632.6499999999996
1980-04-20,1979-1980,4.9,1637.5499999999997
1980-04-21,1979-1980,6.7,1644.2499999999998
1980-04-22,1979-1980,7.5,1651.7499999999998
1980-04-23,1979-1980,7.85,1659.5999999999997
1980-04-24,1979-1980,8.299999999999999,1667.8999999999996
1980-04-25,1979-1980,7.5,1675.3999999999996
1980-04-26,1979-1980,4.6000000000000005,1679.9999999999995
1980-04-27,1979-1980,7.750000000000002,1687.7499999999995
1980-04-28,1979-1980,7.1499999999999995,1694.8999999999996
1980-04-29,1979-1980,6.6,1701.4999999999995
1980-04-30,1979-1980,8.000000000000002,1709.4999999999995
1980-05-01,1979-1980,9.500000000000004,1718.9999999999995
1980-05-02,1979-1980,9.45,1728.4499999999996
1980-05-03,1979-1980,8.1,1736.5499999999995
1980-05-04,1979-1980,8.25,1744.7999999999995
1980-05-05,1979-1980,7.1,1751.8999999999994
1980-05-06,1979-1980,6.750000000000001,1758.6499999999994
1980-05-07,1979-1980,7.3,1765.9499999999994
1980-05-08,1979-1980,6.25,1772.1999999999994
1980-05-09,1979-1980,5.8,1777.9999999999993
1980-05-10,1979-1980,8.75,1786.7499999999993
1980-05-11,1979-1980,11.600000000000001,1798.3499999999992
1980-05-12,1979-1980,14.950000000000001,1813.2999999999993
1980-05-13,1979-1980,15.499999999999998,1828.7999999999993
1980-05-14,1979-1980,13.75,1842.5499999999993
1980-05-15,1979-1980,11.800000000000002,1854.3499999999992
1980-05-16,1979-1980,12.349999999999998,1866.6999999999991
1980-05-17,1979-1980,11.600000000000001,1878.299999999999
1980-05-18,1979-1980,13.35,1891.649999999999
1980-05-19,1979-1980,13.65,1905.299999999999
1980-05-20,1979-1980,9.549999999999999,1914.849999999999
1980-05-21,1979-1980,14.0,1928.849999999999
1980-05-22,1979-1980,11.550000000000002,1940.399999999999
1980-05-23,1979-1980,8.6,1948.9999999999989
1980-05-24,1979-1980,9.9,1958.899999999999
1980-05-25,1979-1980,10.700000000000001,1969.599999999999
1980-05-26,1979-1980,13.0,1982.599999999999
1980-05-27,1979-1980,12.499999999999998,1995.099999999999
1980-05-28,1979-1980,11.15,2006.249999999999
1980-05-29,1979-1980,9.950000000000001,2016.1999999999991
1980-05-30,1979-1980,8.65,2024.8499999999992
1980-05-31,1979-1980,8.7,2033.5499999999993
1980-06-01,1979-1980,12.549999999999999,2046.0999999999992
1980-06-02,1979-1980,12.4,2058.499999999999
1980-06-03,1979-1980,18.55,2077.0499999999993
1980-06-04,1979-1980,19.298855309933494,2096.348855309933
1980-06-05,1979-1980,19.8,2116.148855309933
1980-06-06,1979-1980,13.700000000000001,2129.848855309933
1980-06-07,1979-1980,12.85,2142.6988553099327
1980-06-08,1979-1980,12.9,2155.598855309933
1980-06-09,1979-1980,12.55,2168.148855309933
1980-06-10,1979-1980,15.35,2183.498855309933
1980-06-11,1979-1980,14.450000000000003,2197.9488553099327
1980-06-12,1979-1980,15.65,2213.598855309933
1980-06-13,1979-1980,17.3,2230.898855309933
1980-06-14,1979-1980,15.149999999999999,2246.048855309933
1980-06-15,1979-1980,15.300000000000002,2261.3488553099332
1980-06-16,1979-1980,14.299999999999999,2275.6488553099334
1980-06-17,1979-1980,12.75,2288.3988553099334
1980-06-18,1979-1980,13.65,2302.0488553099335
1980-06-19,1979-1980,14.2,2316.2488553099333
1980-06-20,1979-1980,11.3,2327.5488553099335
1980-06-21,1979-1980,13.300000000000002,2340.8488553099337
1980-06-22,1979-1980,10.799999999999999,2351.648855309934
1980-06-23,1979-1980,9.950000000000001,2361.5988553099337
1980-06-24,1979-1980,10.799999999999999,2372.398855309934
1980-06-25,1979-1980,12.5,2384.898855309934
1980-06-26,1979-1980,13.049999999999999,2397.948855309934
1980-06-27,1979-1980,11.350000000000001,2409.298855309934
1980-06-28,1979-1980,12.55,2421.848855309934
1980-06-29,1979-1980,12.950000000000001,2434.798855309934
1980-06-30,1979-1980,12.45,2447.248855309934
1980-07-01,1979-1980,11.75,2458.998855309934
1980-07-02,1979-1980,14.600000000000001,2473.5988553099337
1980-07-03,1979-1980,14.7,2488.2988553099335
1980-07-04,1979-1980,13.85,2502.1488553099334
1980-07-05,1979-1980,13.350000000000001,2515.4988553099333
1980-07-06,1979-1980,12.999999999999998,2528.4988553099333
1980-07-07,1979-1980,13.899999999999999,2542.3988553099334
1980-07-08,1979-1980,12.149999999999999,2554.5488553099335
1980-07-09,1979-1980,11.799999999999999,2566.3488553099337
1980-07-10,1979-1980,12.049999999999999,2578.398855309934
1980-07-11,1979-1980,12.950000000000003,2591.3488553099337
1980-07-12,1979-1980,13.25,2604.5988553099337
1980-07-13,1979-1980,13.75,2618.3488553099337
1980-07-14,1979-1980,12.25,2630.5988553099337
1980-07-15,1979-1980,11.3,2641.898855309934
1980-07-16,1979-1980,12.999999999999998,2654.898855309934
1980-07-17,1979-1980,10.8,2665.698855309934
1980-07-18,1979-1980,14.1,2679.798855309934
1980-07-19,1979-1980,16.099999999999998,2695.898855309934
1980-07-20,1979-1980,13.75,2709.648855309934
1980-07-21,1979-1980,12.05,2721.698855309934
1980-07-22,1979-1980,13.8,2735.4988553099342
1980-07-23,1979-1980,15.700000000000005,2751.198855309934
1980-07-24,1979-1980,16.05,2767.2488553099342
1980-07-25,1979-1980,18.6,2785.848855309934
1980-07-26,1979-1980,19.2,2805.048855309934
1980-07-27,1979-1980,16.200000000000003,2821.248855309934
1980-07-28,1979-1980,16.6,2837.8488553099337
1980-07-29,1979-1980,20.400000000000002,2858.248855309934
1980-07-30,1979-1980,16.750000000000004,2874.998855309934
1980-07-31,1979-1980,16.900000000000002,2891.898855309934
1980-08-01,1979-1980,15.850000000000001,2907.748855309934
1980-08-02,1979-1980,17.450000000000003,2925.1988553099336
1980-08-03,1979-1980,17.900000000000002,2943.0988553099337
1980-08-04,1979-1980,17.95,2961.0488553099335
1980-08-05,1979-1980,16.200000000000003,2977.2488553099333
1980-08-06,1979-1980,16.6,2993.8488553099332
1980-08-07,1979-1980,19.35,3013.198855309933
1980-08-08,1979-1980,14.65,3027.8488553099332
1980-08-09,1979-1980,16.6,3044.448855309933
1980-08-10,1979-1980,16.9,3061.3488553099332
1980-08-11,1979-1980,15.499999999999998,3076.8488553099332
1980-08-12,1979-1980,15.0,3091.8488553099332
1980-08-13,1979-1980,17.85,3109.698855309933
1980-08-14,1979-1980,19.200000000000003,3128.898855309933
1980-08-15,1979-1980,19.5,3148.398855309933
1980-08-16,1979-1980,16.8,3165.198855309933
1980-08-17,1979-1980,16.4,3181.5988553099332
1980-08-18,1979-1980,16.3,3197.8988553099334
1980-08-19,1979-1980,15.5,3213.3988553099334
1980-08-20,1979-1980,17.75,3231.1488553099334
1980-08-21,1979-1980,16.249999999999996,3247.3988553099334
1980-08-22,1979-1980,12.85,3260.2488553099333
1980-08-23,1979-1980,11.400000000000002,3271.6488553099334
1980-08-24,1979-1980,12.149999999999999,3283.7988553099335
1980-08-25,1979-1980,12.849999999999998,3296.6488553099334
1980-08-26,1979-1980,15.299999999999997,3311.9488553099336
1980-08-27,1979-1980,16.049999999999997,3327.998855309934
1980-08-28,1979-1980,17.45,3345.4488553099336
1980-08-29,1979-1980,15.299999999999999,3360.748855309934
1980-08-30,1979-1980,15.499999999999998,3376.248855309934
1980-08-31,1979-1980,13.850000000000001,3390.0988553099337
1980-09-01,1980-1981,14.1,14.1
1980-09-02,1980-1981,15.399999999999999,29.5
1980-09-03,1980-1981,15.4,44.9
1980-09-04,1980-1981,14.0,58.9
1980-09-05,1980-1981,14.7,73.6
1980-09-06,1980-1981,15.399999999999999,89.0
1980-09-07,1980-1981,16.2,105.2
1980-09-08,1980-1981,14.799999999999997,120.0
1980-09-09,1980-1981,12.650000000000002,132.65
1980-09-10,1980-1981,14.600000000000001,147.25
1980-09-11,1980-1981,14.8,162.05
1980-09-12,1980-1981,16.15,178.20000000000002
1980-09-13,1980-1981,13.45,191.65
1980-09-14,1980-1981,15.799999999999999,207.45000000000002
1980-09-15,1980-1981,15.299999999999999,222.75000000000003
1980-09-16,1980-1981,16.599999999999998,239.35000000000002
1980-09-17,1980-1981,13.600000000000001,252.95000000000002
1980-09-18,1980-1981,14.350000000000001,267.3
1980-09-19,1980-1981,16.95,284.25
1980-09-20,1980-1981,15.949999999999998,300.2
1980-09-21,1980-1981,16.2,316.4
1980-09-22,1980-1981,14.400000000000002,330.79999999999995
1980-09-23,1980-1981,13.750000000000002,344.54999999999995
1980-09-24,1980-1981,13.0,357.54999999999995
1980-09-25,1980-1981,12.45,369.99999999999994
1980-09-26,1980-1981,12.499999999999998,382.49999999999994
1980-09-27,1980-1981,13.049999999999997,395.54999999999995
1980-09-28,1980-1981,12.799999999999999,408.34999999999997
1980-09-29,1980-1981,13.549999999999999,421.9
1980-09-30,1980-1981,13.55,435.45
1980-10-01,1980-1981,11.350000000000001,446.8
1980-10-02,1980-1981,10.25,457.05
1980-10-03,1980-1981,9.25,466.3
1980-10-04,1980-1981,11.049999999999999,477.35
1980-10-05,1980-1981,7.6,484.95000000000005
1980-10-06,1980-1981,11.65,496.6
1980-10-07,1980-1981,9.15,505.75
1980-10-08,1980-1981,9.450000000000001,515.2
1980-10-09,1980-1981,8.049999999999999,523.25
1980-10-10,1980-1981,4.05,527.3
1980-10-11,1980-1981,7.55,534.8499999999999
1980-10-12,1980-1981,8.1,542.9499999999999
1980-10-13,1980-1981,6.100000000000001,549.05
1980-10-14,1980-1981,6.9,555.9499999999999
1980-10-15,1980-1981,6.300000000000001,562.2499999999999
1980-10-16,1980-1981,6.900000000000001,569.1499999999999
1980-10-17,1980-1981,7.150000000000001,576.2999999999998
1980-10-18,1980-1981,5.300000000000001,581.5999999999998
1980-10-19,1980-1981,5.05,586.6499999999997
1980-10-20,1980-1981,7.35,593.9999999999998
1980-10-21,1980-1981,10.5,604.4999999999998
1980-10-22,1980-1981,11.600000000000001,616.0999999999998
1980-10-23,1980-1981,10.600000000000001,626.6999999999998
1980-10-24,1980-1981,8.05,634.7499999999998
1980-10-25,1980-1981,7.6,642.3499999999998
1980-10-26,1980-1981,11.100000000000001,653.4499999999998
1980-10-27,1980-1981,12.699999999999998,666.1499999999999
1980-10-28,1980-1981,14.299999999999999,680.4499999999998
1980-10-29,1980-1981,9.7,690.1499999999999
1980-10-30,1980-1981,5.400000000000001,695.5499999999998
1980-10-31,1980-1981,5.35,700.8999999999999
1980-11-01,1980-1981,5.15,706.0499999999998
1980-11-02,1980-1981,3.25,709.2999999999998
1980-11-03,1980-1981,2.4999999999999996,711.7999999999998
1980-11-04,1980-1981,2.0999999999999996,713.8999999999999
1980-11-05,1980-1981,2.1,715.9999999999999
1980-11-06,1980-1981,2.95,718.9499999999999
1980-11-07,1980-1981,1.5999999999999999,720.55
1980-11-08,1980-1981,2.5,723.05
1980-11-09,1980-1981,4.1499999999999995,727.1999999999999
1980-11-10,1980-1981,3.8000000000000003,730.9999999999999
1980-11-11,1980-1981,4.8,735.7999999999998
1980-11-12,1980-1981,3.3,739.0999999999998
1980-11-13,1980-1981,4.75,743.8499999999998
1980-11-14,1980-1981,8.35,752.1999999999998
1980-11-15,1980-1981,10.649999999999999,762.8499999999998
1980-11-16,1980-1981,12.35,775.1999999999998
1980-11-17,1980-1981,11.2,786.3999999999999
1980-11-18,1980-1981,7.1000000000000005,793.4999999999999
1980-11-19,1980-1981,7.500000000000001,800.9999999999999
1980-11-20,1980-1981,10.450000000000001,811.4499999999999
1980-11-21,1980-1981,10.6,822.05
1980-11-22,1980-1981,11.950000000000001,834.0
1980-11-23,1980-1981,12.75,846.75
1980-11-24,1980-1981,13.05,859.8
1980-11-25,1980-1981,6.05,865.8499999999999
1980-11-26,1980-1981,3.05,868.8999999999999
1980-11-27,1980-1981,3.900000000000001,872.7999999999998
1980-11-28,1980-1981,1.5,874.2999999999998
1980-11-29,1980-1981,0.9,875.1999999999998
1980-11-30,1980-1981,1.55,876.7499999999998
1980-12-01,1980-1981,2.7,879.4499999999998
1980-12-02,1980-1981,2.95,882.3999999999999
1980-12-03,1980-1981,2.15,884.5499999999998
1980-12-04,1980-1981,3.1,887.6499999999999
1980-12-05,1980-1981,5.250000000000001,892.8999999999999
1980-12-06,1980-1981,2.5500000000000003,895.4499999999998
1980-12-07,1980-1981,0.95,896.3999999999999
1980-12-08,1980-1981,1.35,897.7499999999999
1980-12-09,1980-1981,3.1,900.8499999999999
1980-12-10,1980-1981,5.6499999999999995,906.4999999999999
1980-12-11,1980-1981,8.4,914.8999999999999
1980-12-12,1980-1981,8.6,923.4999999999999
1980-12-13,1980-1981,9.549999999999999,933.0499999999998
1980-12-14,1980-1981,8.75,941.7999999999998
1980-12-15,1980-1981,3.5,945.2999999999998
1980-12-16,1980-1981,4.25,949.5499999999998
1980-12-17,1980-1981,5.45,954.9999999999999
1980-12-18,1980-1981,2.4,957.3999999999999
1980-12-19,1980-1981,2.4499999999999997,959.8499999999999
1980-12-20,1980-1981,2.85,962.6999999999999
1980-12-21,1980-1981,5.000000000000001,967.6999999999999
1980-12-22,1980-1981,6.250000000000002,973.9499999999999
1980-12-23,1980-1981,10.150000000000002,984.0999999999999
1980-12-24,1980-1981,9.049999999999999,993.1499999999999
1980-12-25,1980-1981,6.1,999.2499999999999
1980-12-26,1980-1981,2.25,1001.4999999999999
1980-12-27,1980-1981,1.55,1003.0499999999998
1980-12-28,1980-1981,3.6999999999999997,1006.7499999999999
1980-12-29,1980-1981,4.4,1011.1499999999999
1980-12-30,1980-1981,7.8,1018.9499999999998
1980-12-31,1980-1981,7.85,1026.7999999999997
1981-01-01,1980-1981,5.5,1032.2999999999997
1981-01-02,1980-1981,7.15,1039.4499999999998
1981-01-03,1980-1981,8.75,1048.1999999999998
1981-01-04,1980-1981,2.6999999999999997,1050.8999999999999
1981-01-05,1980-1981,2.4499999999999997,1053.35
1981-01-06,1980-1981,2.0999999999999996,1055.4499999999998
1981-01-07,1980-1981,2.25,1057.6999999999998
1981-01-08,1980-1981,4.450000000000001,1062.1499999999999
1981-01-09,1980-1981,6.0,1068.1499999999999
1981-01-10,1980-1981,2.4499999999999997,1070.6
1981-01-11,1980-1981,1.0,1071.6
1981-01-12,1980-1981,2.4,1074.0
1981-01-13,1980-1981,3.3,1077.3
1981-01-14,1980-1981,4.7,1082.0
1981-01-15,1980-1981,1.1500000000000001,1083.15
1981-01-16,1980-1981,2.7,1085.8500000000001
1981-01-17,1980-1981,3.1999999999999997,1089.0500000000002
1981-01-18,1980-1981,3.1999999999999997,1092.2500000000002
1981-01-19,1980-1981,3.3999999999999995,1095.6500000000003
1981-01-20,1980-1981,3.2,1098.8500000000004
1981-01-21,1980-1981,5.450000000000001,1104.3000000000004
1981-01-22,1980-1981,6.750000000000002,1111.0500000000004
1981-01-23,1980-1981,9.0,1120.0500000000004
1981-01-24,1980-1981,8.05,1128.1000000000004
1981-01-25,1980-1981,5.05,1133.1500000000003
1981-01-26,1980-1981,5.8500000000000005,1139.0000000000002
1981-01-27,1980-1981,6.4,1145.4000000000003
1981-01-28,1980-1981,6.35,1151.7500000000002
1981-01-29,1980-1981,5.1000000000000005,1156.8500000000001
1981-01-30,1980-1981,2.7,1159.5500000000002
1981-01-31,1980-1981,3.8500000000000005,1163.4
1981-02-01,1980-1981,6.45,1169.8500000000001
1981-02-02,1980-1981,5.250000000000002,1175.1000000000001
1981-02-03,1980-1981,4.15,1179.2500000000002
1981-02-04,1980-1981,3.35,1182.6000000000001
1981-02-05,1980-1981,4.4,1187.0000000000002
1981-02-06,1980-1981,7.4,1194.4000000000003
1981-02-07,1980-1981,9.299999999999999,1203.7000000000003
1981-02-08,1980-1981,9.0,1212.7000000000003
1981-02-09,1980-1981,7.199999999999999,1219.9000000000003
1981-02-10,1980-1981,2.4,1222.3000000000004
1981-02-11,1980-1981,2.4,1224.7000000000005
1981-02-12,1980-1981,2.3,1227.0000000000005
1981-02-13,1980-1981,2.15,1229.1500000000005
1981-02-14,1980-1981,1.9500000000000004,1231.1000000000006
1981-02-15,1980-1981,2.25,1233.3500000000006
1981-02-16,1980-1981,3.25,1236.6000000000006
1981-02-17,1980-1981,2.4999999999999996,1239.1000000000006
1981-02-18,1980-1981,1.6999999999999997,1240.8000000000006
1981-02-19,1980-1981,1.0499999999999998,1241.8500000000006
1981-02-20,1980-1981,1.2999999999999998,1243.1500000000005
1981-02-21,1980-1981,0.95,1244.1000000000006
1981-02-22,1980-1981,1.0499999999999998,1245.1500000000005
1981-02-23,1980-1981,1.1,1246.2500000000005
1981-02-24,1980-1981,1.0499999999999998,1247.3000000000004
1981-02-25,1980-1981,0.7999999999999999,1248.1000000000004
1981-02-26,1980-1981,0.39999999999999997,1248.5000000000005
1981-02-27,1980-1981,2.85,1251.3500000000004
1981-02-28,1980-1981,4.549999999999999,1255.9000000000003
1981-03-01,1980-1981,6.1000000000000005,1262.0000000000002
1981-03-02,1980-1981,5.4,1267.4000000000003
1981-03-03,1980-1981,3.85,1271.2500000000002
1981-03-04,1980-1981,1.55,1272.8000000000002
1981-03-05,1980-1981,3.7500000000000004,1276.5500000000002
1981-03-06,1980-1981,6.9,1283.4500000000003
1981-03-07,1980-1981,8.450000000000001,1291.9000000000003
1981-03-08,1980-1981,10.899999999999999,1302.8000000000004
1981-03-09,1980-1981,10.500000000000002,1313.3000000000004
1981-03-10,1980-1981,11.450000000000001,1324.7500000000005
1981-03-11,1980-1981,11.3,1336.0500000000004
1981-03-12,1980-1981,9.95,1346.0000000000005
1981-03-13,1980-1981,8.7,1354.7000000000005
1981-03-14,1980-1981,5.750000000000001,1360.4500000000005
1981-03-15,1980-1981,6.249999999999999,1366.7000000000005
1981-03-16,1980-1981,4.25,1370.9500000000005
1981-03-17,1980-1981,2.7999999999999994,1373.7500000000005
1981-03-18,1980-1981,4.999999999999999,1378.7500000000005
1981-03-19,1980-1981,7.3,1386.0500000000004
1981-03-20,1980-1981,9.300000000000002,1395.3500000000004
1981-03-21,1980-1981,9.2,1404.5500000000004
1981-03-22,1980-1981,8.3,1412.8500000000004
1981-03-23,1980-1981,6.949999999999999,1419.8000000000004
1981-03-24,1980-1981,9.5,1429.3000000000004
1981-03-25,1980-1981,11.650000000000002,1440.9500000000005
1981-03-26,1980-1981,9.750000000000002,1450.7000000000005
1981-03-27,1980-1981,8.799999999999999,1459.5000000000005
1981-03-28,1980-1981,13.25,1472.7500000000005
1981-03-29,1980-1981,9.75,1482.5000000000005
1981-03-30,1980-1981,6.45,1488.9500000000005
1981-03-31,1980-1981,5.449999999999999,1494.4000000000005
1981-04-01,1980-1981,6.949999999999999,1501.3500000000006
1981-04-02,1980-1981,7.55,1508.9000000000005
1981-04-03,1980-1981,6.1000000000000005,1515.0000000000005
1981-04-04,1980-1981,5.050000000000001,1520.0500000000004
1981-04-05,1980-1981,5.7,1525.7500000000005
1981-04-06,1980-1981,6.749999999999999,1532.5000000000005
1981-04-07,1980-1981,7.500000000000001,1540.0000000000005
1981-04-08,1980-1981,10.35,1550.3500000000004
1981-04-09,1980-1981,12.9,1563.2500000000005
1981-04-10,1980-1981,12.350000000000001,1575.6000000000004
1981-04-11,1980-1981,15.000000000000002,1590.6000000000004
1981-04-12,1980-1981,10.850000000000001,1601.4500000000003
1981-04-13,1980-1981,8.65,1610.1000000000004
1981-04-14,1980-1981,9.350000000000001,1619.4500000000003
1981-04-15,1980-1981,9.55,1629.0000000000002
1981-04-16,1980-1981,8.05,1637.0500000000002
1981-04-17,1980-1981,6.250000000000001,1643.3000000000002
1981-04-18,1980-1981,5.850000000000001,1649.15
1981-04-19,1980-1981,5.199999999999999,1654.3500000000001
1981-04-20,1980-1981,6.15,1660.5000000000002
1981-04-21,1980-1981,4.4,1664.9000000000003
1981-04-22,1980-1981,4.1,1669.0000000000002
1981-04-23,1980-1981,3.5000000000000004,1672.5000000000002
1981-04-24,1980-1981,3.2,1675.7000000000003
1981-04-25,1980-1981,3.5500000000000007,1679.2500000000002
1981-04-26,1980-1981,3.6999999999999997,1682.9500000000003
1981-04-27,1980-1981,5.35,1688.3000000000002
1981-04-28,1980-1981,4.650000000000001,1692.9500000000003
1981-04-29,1980-1981,9.35,1702.3000000000002
1981-04-30,1980-1981,11.35,1713.65
1981-05-01,1980-1981,6.699999999999999,1720.3500000000001
1981-05-02,1980-1981,5.700000000000001,1726.0500000000002
1981-05-03,1980-1981,3.8,1729.8500000000001
1981-05-04,1980-1981,7.700000000000001,1737.5500000000002
1981-05-05,1980-1981,6.3,1743.8500000000001
1981-05-06,1980-1981,11.399999999999999,1755.2500000000002
1981-05-07,1980-1981,11.950000000000003,1767.2000000000003
1981-05-08,1980-1981,13.25,1780.4500000000003
1981-05-09,1980-1981,10.350000000000001,1790.8000000000002
1981-05-10,1980-1981,12.549999999999999,1803.3500000000001
1981-05-11,1980-1981,13.65,1817.0000000000002
1981-05-12,1980-1981,12.85,1829.8500000000001
1981-05-13,1980-1981,12.100000000000001,1841.95
1981-05-14,1980-1981,12.350000000000001,1854.3
1981-05-15,1980-1981,11.65,1865.95
1981-05-16,1980-1981,10.650000000000002,1876.6000000000001
1981-05-17,1980-1981,9.8,1886.4
1981-05-18,1980-1981,9.149999999999999,1895.5500000000002
1981-05-19,1980-1981,12.9,1908.4500000000003
1981-05-20,1980-1981,15.950000000000001,1924.4000000000003
1981-05-21,1980-1981,11.6,1936.0000000000002
1981-05-22,1980-1981,11.25,1947.2500000000002
1981-05-23,1980-1981,12.05,1959.3000000000002
1981-05-24,1980-1981,10.0,1969.3000000000002
1981-05-25,1980-1981,9.0,1978.3000000000002
1981-05-26,1980-1981,9.600000000000001,1987.9
1981-05-27,1980-1981,11.099999999999998,1999.0
1981-05-28,1980-1981,12.000000000000002,2011.0
1981-05-29,1980-1981,11.8,2022.8
1981-05-30,1980-1981,14.35,2037.1499999999999
1981-05-31,1980-1981,15.850000000000001,2053.0
1981-06-01,1980-1981,14.95,2067.95
1981-06-02,1980-1981,15.75,2083.7
1981-06-03,1980-1981,13.5,2097.2
1981-06-04,1980-1981,11.450000000000001,2108.6499999999996
1981-06-05,1980-1981,11.900000000000002,2120.5499999999997
1981-06-06,1980-1981,12.450000000000001,2132.9999999999995
1981-06-07,1980-1981,11.350000000000003,2144.3499999999995
1981-06-08,1980-1981,15.049999999999999,2159.3999999999996
1981-06-09,1980-1981,13.299999999999999,2172.7
1981-06-10,1980-1981,11.75,2184.45
1981-06-11,1980-1981,13.5,2197.95
1981-06-12,1980-1981,12.700000000000001,2210.6499999999996
1981-06-13,1980-1981,15.35,2225.9999999999995
1981-06-14,1980-1981,18.25,2244.2499999999995
1981-06-15,1980-1981,17.25,2261.4999999999995
1981-06-16,1980-1981,11.299999999999999,2272.7999999999997
1981-06-17,1980-1981,10.95,2283.7499999999995
1981-06-18,1980-1981,10.55,2294.2999999999997
1981-06-19,1980-1981,10.3,2304.6
1981-06-20,1980-1981,13.450000000000001,2318.0499999999997
1981-06-21,1980-1981,12.600000000000001,2330.6499999999996
1981-06-22,1980-1981,13.4,2344.0499999999997
1981-06-23,1980-1981,15.3,2359.35
1981-06-24,1980-1981,13.649999999999999,2373.0
1981-06-25,1980-1981,11.5,2384.5
1981-06-26,1980-1981,10.100000000000003,2394.6
1981-06-27,1980-1981,10.100000000000001,2404.7
1981-06-28,1980-1981,8.799999999999999,2413.5
1981-06-29,1980-1981,11.550000000000002,2425.05
1981-06-30,1980-1981,13.8,2438.8500000000004
1981-07-01,1980-1981,14.100000000000001,2452.9500000000003
1981-07-02,1980-1981,12.3,2465.2500000000005
1981-07-03,1980-1981,12.600000000000001,2477.8500000000004
1981-07-04,1980-1981,12.700000000000001,2490.55
1981-07-05,1980-1981,15.999999999999998,2506.55
1981-07-06,1980-1981,17.05,2523.6000000000004
1981-07-07,1980-1981,17.45,2541.05
1981-07-08,1980-1981,17.95,2559.0
1981-07-09,1980-1981,19.45,2578.45
1981-07-10,1980-1981,17.1,2595.5499999999997
1981-07-11,1980-1981,14.9,2610.45
1981-07-12,1980-1981,14.950000000000001,2625.3999999999996
1981-07-13,1980-1981,16.75,2642.1499999999996
1981-07-14,1980-1981,15.25,2657.3999999999996
1981-07-15,1980-1981,16.85,2674.2499999999995
1981-07-16,1980-1981,14.75,2688.9999999999995
1981-07-17,1980-1981,12.549999999999999,2701.5499999999997
1981-07-18,1980-1981,13.500000000000002,2715.0499999999997
1981-07-19,1980-1981,13.45,2728.4999999999995
1981-07-20,1980-1981,17.799999999999997,2746.2999999999997
1981-07-21,1980-1981,18.500000000000004,2764.7999999999997
1981-07-22,1980-1981,14.549999999999999,2779.35
1981-07-23,1980-1981,12.800000000000002,2792.15
1981-07-24,1980-1981,11.550000000000002,2803.7000000000003
1981-07-25,1980-1981,12.25,2815.9500000000003
1981-07-26,1980-1981,16.1,2832.05
1981-07-27,1980-1981,17.150000000000002,2849.2000000000003
1981-07-28,1980-1981,19.0,2868.2000000000003
1981-07-29,1980-1981,17.300000000000004,2885.5000000000005
1981-07-30,1980-1981,15.8,2901.3000000000006
1981-07-31,1980-1981,13.55,2914.850000000001
1981-08-01,1980-1981,13.850000000000001,2928.7000000000007
1981-08-02,1980-1981,13.799999999999999,2942.500000000001
1981-08-03,1980-1981,15.250000000000002,2957.750000000001
1981-08-04,1980-1981,19.75,2977.500000000001
1981-08-05,1980-1981,20.143719945468742,2997.6437199454695
1981-08-06,1980-1981,15.849999999999998,3013.4937199454694
1981-08-07,1980-1981,15.1,3028.5937199454693
1981-08-08,1980-1981,15.3,3043.8937199454695
1981-08-09,1980-1981,14.149999999999999,3058.0437199454695
1981-08-10,1980-1981,16.450000000000003,3074.4937199454694
1981-08-11,1980-1981,15.3,3089.7937199454695
1981-08-12,1980-1981,17.25,3107.0437199454695
1981-08-13,1980-1981,17.400000000000002,3124.4437199454696
1981-08-14,1980-1981,18.549999999999997,3142.99371994547
1981-08-15,1980-1981,20.15,3163.14371994547
1981-08-16,1980-1981,15.0,3178.14371994547
1981-08-17,1980-1981,13.8,3191.94371994547
1981-08-18,1980-1981,15.9,3207.84371994547
1981-08-19,1980-1981,15.65,3223.4937199454703
1981-08-20,1980-1981,15.5,3238.9937199454703
1981-08-21,1980-1981,13.55,3252.5437199454705
1981-08-22,1980-1981,15.25,3267.7937199454705
1981-08-23,1980-1981,14.850000000000001,3282.6437199454704
1981-08-24,1980-1981,16.150000000000002,3298.7937199454705
1981-08-25,1980-1981,16.75,3315.5437199454705
1981-08-26,1980-1981,19.099999999999998,3334.6437199454704
1981-08-27,1980-1981,17.412633920605096,3352.0563538660754
1981-08-28,1980-1981,17.25,3369.3063538660754
1981-08-29,1980-1981,17.45,3386.756353866075
1981-08-30,1980-1981,16.099999999999998,3402.856353866075
1981-08-31,1980-1981,15.800000000000002,3418.6563538660753
