1979Early,,1980Early,,1981Early,,1979Late,,1980Late,,1981Late,
34,323.75601926163745,18,300.08025682183006,49,279.74203121831215,79.00000000000003,285.15259400782907,104,288.55944456133693,156,283.7384852502428
35,323.75601926163745,19,300.08025682183006,50,279.7420312183117,79.99999999999997,289.95608814226034,105,288.55944456133784,157,288.55944456133875
36,323.7560192616379,20,300.08025682183006,51,289.24621889113905,81,289.95608814226034,106,298.20136318352706,157.99999999999977,293.3804038724329
37,323.7560192616379,21,295.3451043338687,52.00000000000023,308.25459423679285,82.00000000000003,294.7595822766925,107,298.20136318352706,158.99999999999977,298.20136318352706
38,319.02086677367606,22,295.3451043338687,53,322.51087574603343,83.00000000000003,294.7595822766925,108.00000000000011,303.0223224946212,160,307.8432818057172
39,319.0208667736765,23,295.3451043338687,54.00000000000023,322.51087574603343,84,299.5630764111247,109,307.8432818057172,160.99999999999977,312.66424111681226
40,319.02086677367606,24,295.3451043338687,55,346.2713449281009,85,309.17006467998726,110,317.4852004279064,162,312.66424111681226
41,314.2857142857142,25,295.3451043338687,56.00000000000023,374.7839079465816,86,309.1700646799891,111,327.12711905009655,163,322.3061597390024
42,314.2857142857147,25.999999999999886,295.3451043338687,57,374.78390794658253,87.00000000000003,313.97355881441945,112,327.12711905009655,164,331.9480783611907
43,314.2857142857147,27,295.3451043338687,58.00000000000023,398.5443771286491,88,323.5805470832838,113,336.7690376722867,165,331.9480783611916
44,314.2857142857147,27.999999999999886,295.3451043338687,59.00000000000023,417.5527524743036,89.00000000000003,323.5805470832838,114.00000000000011,341.58999698338084,165.99999999999977,341.58999698338175
45,314.2857142857147,29,295.3451043338687,60,417.5527524743036,90.00000000000003,333.1875353521473,115,341.58999698338084,166.99999999999977,360.8738342277602
46,314.2857142857147,29.999999999999886,295.3451043338687,61.00000000000023,441.31322165637084,91,342.79452362101074,116,356.0528749166642,168,360.8738342277602
47,314.2857142857147,31,300.08025682183006,62.00000000000023,465.073690838439,92.00000000000003,362.00850015873857,117,365.6947935388562,168.99999999999977,365.69479353885436
48,314.2857142857147,31.999999999999886,304.81540930979145,63.00000000000023,484.0820661840928,92.99999999999997,362.00850015873766,118,365.69479353885527,170,375.3367121610445
49,314.2857142857147,33,304.81540930979145,64.00000000000023,484.08206618409235,94.00000000000003,376.4189825620342,119.00000000000011,370.5157528499494,170.99999999999977,394.62054940542293
50,319.02086677367606,33.999999999999886,304.81540930979145,65,507.84253536615984,95,390.82946496532986,120,380.15767147213955,172,394.62054940542384
51,323.7560192616379,35,304.81540930979145,66,526.8509107118141,96.00000000000003,390.82946496532986,121.00000000000011,389.7995900943288,173,399.4415087165189
52,323.75601926163745,35.999999999999886,304.81540930979145,67,526.8509107118143,97,429.2574180407846,122.00000000000011,389.79959009432787,173.99999999999977,418.72534596089736
53,323.7560192616379,37,304.81540930979145,68,545.8592860574681,98,458.0783828473759,123,399.4415087165189,174.99999999999977,418.72534596089827
54,333.2263242375602,37.999999999999886,304.81540930979145,69,564.8676614031222,99,477.29235938510374,124,409.08342733870813,176,438.0091832052776
55,333.22632423755977,39,304.81540930979145,70,564.8676614031219,99.99999999999997,491.7028417883985,125,409.08342733870813,177,457.29302044965607
56,347.4317817014453,39.999999999999886,304.81540930979145,71,583.8760367487769,101.00000000000003,539.7377831327176,126,418.72534596089736,178,457.29302044965607
57,375.8426966292136,41,304.81540930979145,72.00000000000023,598.1323182580165,102,563.7552538048758,127.00000000000011,423.5463052719915,179,476.57685769403633
58,413.72391653290606,41.999999999999886,304.81540930979145,73.00000000000023,617.1406936036708,103.00000000000003,563.7552538048758,128.0000000000001,423.5463052719924,179.99999999999977,486.21877631622465
59,413.7239165329056,43,304.81540930979145,74,617.1406936036706,104.00000000000003,578.1657362081714,129.0000000000001,433.18822389418256,180.99999999999977,500.68165424950985
60,456.3402889245592,43.999999999999886,304.81540930979145,75,636.1490689493246,104.99999999999997,592.5762186114662,130,442.8301425163718,181.99999999999977,500.68165424951076
61,494.22150882825076,45,304.81540930979145,76,650.4053504585656,106.00000000000003,592.5762186114671,131,442.8301425163718,182.99999999999977,515.1445321827941
62,494.22150882825053,45.999999999999886,304.81540930979145,77,650.4053504585652,106.99999999999997,597.3797127458993,132,452.4720611385619,184,534.4283694271726
63,522.6324237560198,47,314.2857142857147,78,669.4137258042194,107.99999999999997,611.7901951491949,133,462.11397976075204,185,534.4283694271735
63.99999999999997,560.5136436597113,47.999999999999886,323.75601926163745,79,683.6700073134596,108.99999999999997,626.2006775524906,134.0000000000001,471.75589838294036,186,544.0702880493636
64.99999999999997,560.5136436597118,49,323.75601926163745,80,683.6700073134598,109.99999999999997,626.2006775524897,135.0000000000001,471.75589838294036,186.99999999999977,558.533165982647
65.99999999999997,603.1300160513647,49.999999999999886,337.96147672552206,81,697.9262888227006,111.00000000000003,635.807665821354,136.0000000000001,481.3978170051305,188,558.5331659826479
66.99999999999997,626.8057784911723,51,347.43178170144483,82,716.9346641683542,111.99999999999997,659.8251364935131,137.0000000000001,491.03973562732153,188.99999999999977,568.175084604838
67.99999999999997,626.8057784911721,51.999999999999886,366.37239165329083,83.00000000000023,735.9430395140082,113.00000000000003,659.825136493514,138,491.0397356273206,190,582.6379625381223
68.99999999999997,669.4221508828252,53,366.37239165329083,84,735.943039514008,113.99999999999997,664.6286306279444,139,500.68165424950985,191,592.2798811603116
69.99999999999997,693.0979133226331,53.999999999999886,385.31300160513683,85.00000000000023,759.7035086960761,114.99999999999997,674.2356188968088,140,515.1445321827941,192,592.2798811603107
70.99999999999997,726.243980738363,55,399.518459069021,85.99999999999977,783.4639778781432,115.99999999999997,683.8426071656731,141.0000000000001,515.1445321827941,192.99999999999977,601.9217997825017
71.99999999999997,726.243980738363,55.999999999999886,399.518459069021,87,783.4639778781434,116.99999999999997,683.8426071656731,142.0000000000001,524.7864508049843,194,616.3846777157869
72.99999999999997,749.9197431781704,57,418.459069020867,88,797.7202593873837,117.99999999999997,688.6461013001035,143.0000000000001,534.4283694271735,194.99999999999977,616.3846777157851
73.99999999999997,778.3306581059394,57.999999999999886,437.3996789727132,89.00000000000023,835.737010078692,118.99999999999997,693.4495954345366,144.0000000000001,539.2493287382695,196,626.0265963379761
74.99999999999997,778.3306581059394,59,437.3996789727132,90.00000000000023,835.7370100786918,120.00000000000003,693.4495954345357,144.9999999999999,544.0702880493636,196.99999999999977,635.6685149601644
75.99999999999997,802.0064205457466,59.999999999999886,456.34028892455876,91,849.9932915879324,120.99999999999997,703.0565837033992,145.9999999999999,553.7122066715538,198,635.6685149601644
76.99999999999997,830.4173354735155,61,475.28089887640476,92,859.4974792607597,121.99999999999997,707.8600778378323,146.9999999999999,563.3541252937421,199,645.3104335823555
77.99999999999997,830.4173354735155,61.999999999999886,475.28089887640476,93.00000000000023,883.2579484428268,122.99999999999997,707.8600778378323,148,563.3541252937421,200,659.7733115156389
78.99999999999997,854.0930979133229,63,494.221508828251,94.00000000000023,883.2579484428268,124.00000000000003,712.6635719722635,149.00000000000023,572.9960439159304,201,659.7733115156389
79.99999999999997,882.5040128410917,64,522.6324237560195,95,892.7621361156544,124.99999999999997,712.6635719722644,150.0000000000001,582.6379625381232,202,669.4152301378281
80.99999999999997,882.5040128410919,65,522.6324237560195,96.00000000000023,888.0100422792405,126.00000000000003,712.6635719722635,151.0000000000001,582.6379625381223,202.99999999999977,679.0571487600182
81.99999999999997,906.1797752808993,66,546.3081861958269,97.00000000000023,888.0100422792402,126.99999999999997,722.2705602411261,152,592.2798811603116,203.99999999999977,688.6990673822083
82.99999999999997,925.1203852327446,67,565.2487961476727,98,892.7621361156537,127.99999999999997,722.270560241127,153,601.9217997825017,205,688.6990673822083
83.99999999999997,925.1203852327451,68,588.9245585874801,99.00000000000023,902.2663237884813,128.99999999999997,727.0740543755601,153.9999999999999,601.9217997825008,206,707.9829046265877
84.99999999999997,948.7961476725523,69,588.9245585874801,100,902.266323788481,129.99999999999997,727.0740543755592,155.0000000000001,611.5637184046909,207,727.2667418709661
86,963.0016051364371,70,612.6003210272875,101.00000000000023,926.0267929705485,130.99999999999997,731.8775485099914,156,621.205637026881,208,727.2667418709661
87,986.6773675762443,71,636.2760834670948,102.00000000000023,973.5477313346832,131.99999999999997,731.8775485099923,157,630.8475556490712,208.99999999999977,736.9086604931572
88,986.6773675762445,72,636.2760834670948,103,987.8040128439238,133.00000000000003,731.8775485099914,158,630.8475556490712,209.99999999999977,751.3715384264415
89,1000.8828250401291,73,669.4221508828252,104,987.8040128439243,133.99999999999997,736.6810426444235,159.0000000000001,640.4894742712595,211,751.3715384264415
90,1015.0882825040128,74,688.3627608346715,105,997.308200516751,135.00000000000003,736.6810426444245,160,650.1313928934496,212,770.6553756708208
91,1015.088282504013,75,688.3627608346715,106,1016.316575862405,135.99999999999997,736.6810426444235,161.0000000000001,650.1313928934487,213,785.1182536041042
92,1038.7640449438204,76,726.243980738363,107,1016.3165758624048,136.99999999999997,741.4845367788548,162.0000000000001,654.9523522045438,214,809.2230501595795
93,1048.2343499197439,77,745.1845906902088,108,1025.820763535232,137.99999999999997,746.2880309132861,163,664.5942708267348,215,809.2230501595777
94,1048.234349919743,78,745.1845906902088,109,1044.8291388808861,138.99999999999991,746.2880309132861,164,664.5942708267348,215.99999999999977,833.327846715053
95,1067.1749598715894,79,778.3306581059392,110,1044.8291388808861,139.99999999999997,746.288030913287,165.0000000000001,674.236189448925,217,852.6116839594333
96,1076.6452648475124,80,802.0064205457466,111.00000000000023,1059.0854203901263,141.00000000000003,751.0915250477174,166,683.8781080711124,218,852.6116839594315
97,1076.6452648475122,81,830.4173354735158,112,1068.5896080629532,141.99999999999997,751.0915250477183,167,683.8781080711133,219,876.7164805149068
98,1076.6452648475126,82,830.4173354735158,113.00000000000023,1082.845889572194,142.99999999999997,751.0915250477174,168.0000000000001,693.5200266933034,219.99999999999977,905.6422363814745
99,1105.056179775281,83,854.0930979133232,114,1082.8458895721942,144.00000000000003,751.0915250477183,169.0000000000001,703.1619453154917,220.99999999999977,924.9260736258548
100,1105.0561797752812,84,887.2391653290531,115.00000000000023,1092.3500772450209,145.00000000000003,755.8950191821496,170.0000000000001,712.8038639376828,222,944.209910870235
101,1109.7913322632428,84.99999999999989,887.2391653290531,116,1106.6063587542612,145.99999999999997,755.8950191821496,171,712.8038639376828,222.99999999999977,982.7775853589928
102,1119.2616372391653,86,920.3852327447835,117,1106.6063587542612,146.99999999999997,755.8950191821505,172.0000000000001,727.266741870967,223.99999999999977,1006.8823819144664
103,1152.407704654896,86.99999999999989,948.7961476725523,118.00000000000023,1120.8626402635023,148.00000000000003,755.8950191821496,173,736.9086604931563,225,1006.8823819144664
104,1152.407704654896,88,948.7961476725523,119,1130.366827936329,149.00000000000003,755.8950191821486,174,736.9086604931572,225.99999999999977,1030.9871784699399
105,1161.8780096308187,88.99999999999989,996.147672552167,120.00000000000023,1130.3668279363292,149.99999999999997,760.6985133165817,175.0000000000001,746.5505791153455,227,1045.450056403225
106,1171.3483146067417,90,1034.0288924558592,121,1139.8710156091558,150.99999999999997,760.6985133165826,176,765.8344163597249,227.99999999999977,1045.450056403225
107,1171.3483146067422,90.99999999999989,1034.0288924558592,122.00000000000023,1149.375203281983,151.99999999999997,760.6985133165817,177,765.8344163597249,229,1045.450056403226
108,1190.2889245585875,92,1071.9101123595508,123.00000000000023,1158.8793909548103,153.00000000000003,760.6985133165826,178.0000000000001,775.476334981915,229.99999999999977,1050.2710157143201
109,1199.7592295345107,92.99999999999989,1109.7913322632426,124,1158.8793909548099,153.99999999999997,760.6985133165826,179,789.9392129151993,231,1055.0919750254143
110,1199.7592295345107,94,1109.7913322632426,125.00000000000023,1168.3835786276368,154.99999999999997,760.6985133165826,180,789.9392129151993,232,1055.0919750254152
111,1209.2295345104335,94.99999999999989,1138.2022471910113,126,1177.8877663004637,155.99999999999997,760.6985133165826,181,794.7601722262934,233,1055.0919750254152
112,1213.9646869983953,96,1166.61316211878,127,1177.887766300464,157.00000000000003,765.5020074510139,182,799.5811315373894,234,1055.0919750254143
113,1213.9646869983947,96.99999999999989,1190.2889245585875,128.00000000000023,1187.391953973291,158.00000000000003,770.3055015854461,183.0000000000001,814.0440094706728,235,1055.091975025416
114,1223.434991974318,98,1190.2889245585875,129,1196.8961416461177,159.00000000000003,770.3055015854452,184,814.0440094706728,236,1045.450056403226
115,1232.905296950241,98.99999999999989,1218.6998394863565,130,1196.896141646118,160.00000000000003,770.3055015854452,185,814.0440094706737,237,1040.62909709213
116,1237.6404494382025,100,1232.9052969502409,131,1201.6482354825314,160.99999999999997,770.3055015854452,186,823.6859280928629,237.99999999999977,1040.629097092131
117,1237.6404494382025,100.99999999999989,1232.9052969502409,132,1211.1524231553585,161.99999999999997,770.3055015854461,186.9999999999999,823.6859280928629,239,1040.629097092131
118,1247.1107544141253,102,1251.845906902087,133,1220.6566108281854,162.99999999999997,770.3055015854461,188,842.9697653372423,239.99999999999977,1035.808137781035
119,1256.5810593900483,102.99999999999989,1266.0513643659713,134,1220.6566108281854,164.00000000000003,770.3055015854461,189.0000000000001,847.7907246483373,241,1035.8081377810358
120,1256.5810593900483,104,1266.0513643659713,135.00000000000023,1225.408704664599,165.00000000000003,770.3055015854452,190,847.7907246483373,242,1030.9871784699399
121,1261.3162118780099,104.99999999999989,1284.991974317817,136.00000000000023,1234.912892337426,166.00000000000003,770.3055015854461,191,847.7907246483373,242.99999999999977,1026.1662191588457
122,1270.7865168539327,106,1299.1974317817017,137.00000000000023,1234.9128923374265,166.99999999999997,770.3055015854452,192,871.8955212038109,243.99999999999977,1026.1662191588448
123,1270.7865168539327,106.99999999999989,1299.1974317817017,138.00000000000023,1244.417080010253,168.00000000000003,775.1089957198783,193,881.537439826001,244.99999999999977,1021.3452598477515
124,1280.2568218298557,108,1308.6677367576244,139.00000000000023,1244.417080010253,169.00000000000003,775.1089957198783,194,881.537439826001,246,1011.7033412255623
125,1284.991974317817,108.99999999999989,1322.873194221509,140,1244.417080010253,169.99999999999997,775.1089957198774,195,891.1793584481911,247.00000000000023,1011.7033412255605
126,1284.9919743178173,110,1322.873194221509,141,1253.92126768308,170.99999999999997,779.9124898543096,196,905.6422363814754,248,1006.8823819144664
127,1289.7271268057787,110.99999999999989,1332.3434991974318,142,1263.4254553559072,171.99999999999997,779.9124898543087,197.0000000000001,905.6422363814745,249,997.2404632922762
128,1299.1974317817017,112,1341.8138041733548,143,1263.425455355907,172.99999999999997,779.9124898543096,198,915.2841550036646,250,987.5985446700879
128.99999999999994,1299.1974317817017,112.99999999999989,1351.2841091492778,144,1272.9296430287338,173.99999999999997,789.5194781231739,199,924.9260736258539,251,987.5985446700879
129.99999999999994,1299.1974317817017,114,1351.2841091492778,145,1282.4338307015607,174.99999999999997,789.5194781231721,199.9999999999999,924.9260736258548,251.99999999999977,982.7775853589928
130.99999999999994,1308.6677367576247,114.99999999999989,1360.7544141252006,146,1291.9380183743883,175.99999999999997,789.5194781231739,200.9999999999999,934.567992248044,253,973.1356667368036
131.99999999999994,1318.1380417335474,116,1370.2247191011238,147,1291.938018374388,177.00000000000003,789.5194781231739,202.0000000000001,949.0308701813292,253.99999999999977,973.1356667368036
132.99999999999994,1318.1380417335474,117,1370.2247191011238,148,1301.442206047215,177.99999999999997,799.1264663920365,203,949.0308701813292,254.99999999999977,963.4937481146135
133.99999999999994,1318.1380417335474,117.99999999999989,1379.6950240770466,149.00000000000023,1315.6984875564553,179.00000000000003,799.1264663920374,204,958.6727888035193,255.99999999999977,953.8518294924233
134.99999999999994,1327.6083467094704,118.99999999999989,1379.6950240770466,150,1315.6984875564553,179.99999999999997,799.1264663920374,205,973.1356667368036,256.9999999999998,953.8518294924233
135.99999999999994,1327.6083467094704,120,1379.6950240770466,151.00000000000023,1329.9547690656964,181.00000000000003,808.7334546609009,206,982.7775853589919,257.9999999999998,944.209910870235
137,1327.6083467094707,121,1389.1653290529696,151.99999999999977,1348.9631444113502,181.99999999999997,808.7334546609009,207,982.7775853589919,258.9999999999998,929.7470329369498
138,1337.0786516853937,121.99999999999989,1393.9004815409312,153.00000000000023,1348.9631444113502,182.99999999999997,808.7334546609,208,987.5985446700879,260,929.7470329369489
139,1337.0786516853934,122.99999999999989,1393.9004815409312,154.00000000000023,1358.467332084177,183.99999999999997,818.3404429297634,209.0000000000001,997.2404632922771,261,920.1051143147588
140,1337.0786516853939,124,1403.370786516854,155.00000000000023,1382.2278012662448,184.99999999999997,818.3404429297661,210.0000000000001,997.240463292278,261.9999999999998,905.6422363814745
141,1346.5489566613164,125,1403.370786516854,156.00000000000023,1405.988270448312,186.00000000000003,827.9474311986278,211.0000000000001,1011.7033412255605,263,905.6422363814763
142,1346.5489566613164,125.99999999999989,1408.1059390048154,157.00000000000023,1405.988270448312,187.00000000000003,827.9474311986278,212.0000000000001,1021.3452598477506,264,896.0003177592862
143,1346.5489566613164,126.99999999999989,1408.1059390048154,158.00000000000023,1424.996645793966,187.99999999999997,827.9474311986278,213,1021.3452598477506,265,886.3583991370961
144,1356.0192616372392,128,1408.1059390048154,159,1448.7571149760338,188.99999999999997,837.5544194674922,214,1030.9871784699408,266,886.3583991370961
145,1356.0192616372397,129,1408.1059390048154,160,1448.7571149760338,190.00000000000003,842.3579136019243,215,1040.629097092131,267,867.0745618927158
146,1356.0192616372392,130,1408.1059390048154,161,1467.7654903216876,190.99999999999997,856.76839600522,216,1050.2710157143192,268,857.4326432705275
147,1356.0192616372392,130.9999999999999,1412.841091492777,162.00000000000023,1482.0217718309282,191.99999999999997,856.7683960052191,217.0000000000001,1050.2710157143192,268.9999999999998,857.4326432705275
148,1365.4895666131622,132,1412.841091492777,163.00000000000023,1482.0217718309282,192.99999999999997,856.7683960052191,218,1059.9129343365094,270,842.9697653372423
149,1365.4895666131624,133,1412.841091492777,164,1486.7738656673414,194.00000000000003,866.3753842740834,219,1069.5548529586986,270.9999999999998,833.327846715053
150,1365.4895666131622,134,1412.841091492777,165,1496.2780533401688,195.00000000000003,866.3753842740834,219.9999999999999,1069.5548529586995,271.9999999999998,833.327846715053
151,1365.4895666131622,134.9999999999999,1422.3113964687,166,1505.7822410129957,196.00000000000003,875.9823725429451,221,1079.1967715808887,273,818.8649687817679
152,1365.4895666131622,136,1422.3113964687,167,1505.7822410129957,196.99999999999997,885.5893608118104,222.00000000000023,1088.8386902030788,274,804.4020908484845
153,1365.4895666131624,137,1422.3113964687,168.00000000000023,1510.5343348494093,197.99999999999997,885.5893608118104,223.0000000000001,1088.8386902030788,275,804.4020908484836
154,1370.2247191011238,138,1427.0465489566614,169.00000000000023,1515.2864286858228,198.99999999999997,895.1963490806747,224,1093.659649514174,276,789.9392129151993
155,1370.2247191011238,138.9999999999999,1427.0465489566614,170.00000000000023,1515.2864286858228,200.00000000000003,909.6068314839695,225,1103.3015681363631,277,775.4763349819141
156,1374.9598715890852,140,1431.7817014446227,171,1515.2864286858226,201.00000000000003,919.2138197528329,225.9999999999999,1103.3015681363622,277.9999999999998,765.8344163597258
157,1374.9598715890852,141,1431.7817014446227,172.00000000000023,1524.7906163586495,201.99999999999997,919.2138197528338,227,1108.1225274474573,279,761.0134570486298
158,1374.9598715890852,142,1441.252006420546,173.00000000000023,1524.7906163586497,202.99999999999997,928.8208080216973,228,1108.1225274474582,280,741.7296198042513
159,1379.6950240770468,142.9999999999999,1441.252006420546,174,1524.79061635865,203.99999999999997,938.4277962905608,229.00000000000023,1098.480608825268,281,727.266741870968
160,1384.430176565008,143.9999999999999,1441.252006420546,175.00000000000023,1529.5427101950631,204.99999999999997,938.4277962905608,230.0000000000001,1098.480608825268,282,727.2667418709661
161,1384.430176565008,145,1450.7223113964687,176,1534.2948040314768,206.00000000000003,948.0347845594242,231.0000000000001,1088.8386902030788,282.9999999999998,712.8038639376819
162,1384.430176565008,146,1450.7223113964687,177,1534.2948040314768,206.99999999999997,962.445266962719,232.0000000000001,1079.1967715808896,283.9999999999998,703.1619453154917
163,1384.4301765650082,146.9999999999999,1455.4574638844301,178,1534.2948040314768,207.99999999999997,962.445266962719,233.0000000000001,1079.1967715808896,285,703.1619453154917
164,1384.430176565008,147.9999999999999,1460.1926163723917,179,1534.2948040314768,208.99999999999997,976.8557493660155,234,1069.5548529586995,286,688.6990673822074
165,1384.430176565008,149,1460.1926163723917,180,1534.2948040314768,209.99999999999997,991.2662317693103,235,1055.0919750254152,287,674.236189448924
166,1384.430176565008,150,1469.6629213483147,181,1543.7989917043037,211.00000000000003,1005.6767141726068,236.0000000000001,1055.0919750254152,288,674.236189448925
167,1389.1653290529696,150.9999999999999,1474.3980738362761,182.00000000000023,1543.7989917043037,211.99999999999997,1005.6767141726068,237.0000000000001,1040.629097092131,288.9999999999998,654.9523522045438
168,1389.16532905297,151.9999999999999,1474.3980738362761,183,1543.7989917043037,213.00000000000003,1020.0871965759025,238,1030.9871784699417,289.9999999999998,650.1313928934496
169,1389.1653290529694,153,1483.8683788121991,184.00000000000023,1543.7989917043037,213.99999999999997,1029.694184844766,239,1030.9871784699399,291,650.1313928934496
170,1393.9004815409312,154,1493.3386837881221,185,1543.7989917043037,215.00000000000003,1029.694184844766,240,1016.5243005366565,292,640.4894742712595
171,1393.9004815409312,154.9999999999999,1502.808988764045,186,1543.7989917043037,215.99999999999997,1053.711655516925,240.9999999999999,1006.8823819144664,292.9999999999998,630.8475556490712
172,1393.9004815409312,155.9999999999999,1502.808988764045,187.00000000000023,1543.7989917043037,217.00000000000003,1068.1221379202207,242,1006.8823819144664,294,630.8475556490694
173,1403.3707865168542,157,1512.279293739968,188,1543.7989917043037,218.00000000000003,1077.729126189085,243.0000000000001,992.4195039811821,295,621.2056370268801
174,1403.370786516854,158,1521.749598715891,189,1543.7989917043037,219.00000000000003,1087.3361144579485,244.0000000000001,982.7775853589919,296,611.56371840469
175,1403.3707865168542,158.9999999999999,1521.749598715891,190,1543.7989917043037,219.99999999999997,1101.7465968612441,245.0000000000001,982.7775853589919,296.9999999999998,611.5637184046909
176,1403.370786516854,159.9999999999999,1531.2199036918141,191,1543.7989917043037,220.99999999999997,1106.5500909956754,246,968.3147074257076,297.9999999999998,601.9217997825017
176.99999999999994,1408.1059390048156,161,1540.690208667737,192,1543.7989917043037,222.00000000000003,1106.5500909956754,247,953.8518294924233,298.9999999999998,597.1008404714066
177.99999999999994,1408.1059390048154,162,1540.690208667737,193.00000000000023,1543.7989917043037,222.99999999999997,1106.5500909956763,248.0000000000001,953.8518294924233,299.9999999999998,597.1008404714066
178.99999999999994,1412.841091492777,162.9999999999999,1554.8956661316215,194.00000000000023,1543.7989917043037,223.99999999999997,1106.5500909956754,248.9999999999999,934.5679922480431,301,582.6379625381214
179.99999999999994,1412.841091492777,163.9999999999999,1573.836276083467,195,1543.7989917043037,225.00000000000003,1106.5500909956754,250,924.9260736258539,302,582.6379625381223
180.99999999999994,1412.841091492777,165,1573.836276083467,196.00000000000023,1543.7989917043037,225.99999999999997,1106.5500909956763,251,924.9260736258548,303,582.6379625381223
181.99999999999994,1422.3113964687002,166,1592.776886035313,197,1543.7989917043037,226.99999999999997,1106.5500909956754,252.0000000000001,905.6422363814745,304,572.9960439159322
182.99999999999994,1422.3113964687,166.9999999999999,1611.717495987159,198,1543.7989917043037,227.99999999999997,1106.5500909956763,253,896.0003177592862,304.9999999999998,572.9960439159331
183.99999999999994,1422.3113964687,167.9999999999999,1611.717495987159,199.00000000000023,1543.7989917043037,229.00000000000003,1106.5500909956745,254,896.0003177592844,305.9999999999998,568.175084604838
184.99999999999994,1427.0465489566614,169,1635.3932584269664,200,1543.7989917043037,229.99999999999997,1096.943102726811,255,886.3583991370951,307,568.1750846048371
185.99999999999994,1431.7817014446227,170,1649.598715890851,201,1543.7989917043037,231.00000000000003,1096.943102726811,256,867.0745618927167,308,568.175084604838
186.99999999999994,1431.781701444623,170.9999999999999,1668.5393258426966,202,1543.7989917043037,231.99999999999997,1096.943102726811,257.0000000000001,862.2536025816216,309,568.175084604838
188,1441.252006420546,171.9999999999999,1668.5393258426966,203,1543.7989917043037,233.00000000000003,1087.3361144579476,258,857.4326432705266,309.9999999999998,568.175084604838
189,1445.9871589085074,173,1682.7447833065812,204,1543.7989917043037,234.00000000000003,1087.3361144579476,259.0000000000001,842.9697653372423,311,568.175084604839
190,1450.7223113964687,174,1692.215088282504,205.00000000000023,1543.7989917043037,235.00000000000003,1087.3361144579485,260.0000000000001,828.5068874039571,311.9999999999998,568.1750846048371
191,1450.7223113964687,174.9999999999999,1692.215088282504,206.00000000000023,1543.7989917043037,236.00000000000003,1077.729126189085,261,828.506887403958,312.9999999999998,568.175084604838
192,1455.4574638844301,175.9999999999999,1701.685393258427,207,1534.2948040314768,236.99999999999997,1072.925632054652,261.9999999999999,814.0440094706728,313.9999999999998,568.1750846048371
193,1460.1926163723917,177,1711.15569823435,208,1505.7822410129957,237.99999999999997,1072.925632054652,263,799.5811315373885,315,568.175084604838
194,1460.1926163723917,178,1711.15569823435,209,1505.7822410129957,238.99999999999997,1063.3186437857876,264.0000000000001,799.5811315373885,316,568.175084604839
195,1469.6629213483147,178.9999999999999,1715.8908507223114,210.00000000000023,1477.2696779945145,240.00000000000009,1048.9081613824937,265.0000000000001,780.2972942930082,316.9999999999998,568.175084604838
196,1479.133226324238,179.9999999999999,1720.626003210273,211.00000000000023,1415.492458121139,240.99999999999997,1048.9081613824937,266,765.834416359724,318,568.175084604838
197,1479.1332263242375,181,1720.626003210273,212,1372.7236135934177,241.99999999999997,1034.497678979198,266.9999999999999,765.8344163597249,319,568.1750846048371
198,1488.6035313001607,182,1720.626003210273,213,1372.7236135934177,242.99999999999997,1024.8906907103337,268,756.1924977375347,319.9999999999998,568.175084604838
199,1493.3386837881221,182.9999999999999,1720.626003210273,214.00000000000023,1325.2026752292825,244.00000000000003,1024.8906907103337,269,741.7296198042504,321,568.175084604838
200,1493.3386837881221,183.9999999999999,1711.15569823435,215,1277.6817368651475,244.99999999999997,1015.2837024414703,270.0000000000001,741.7296198042504,322,568.175084604838
201,1502.8089887640451,185,1711.15569823435,216,1277.6817368651477,245.99999999999997,1000.8732200381755,271.0000000000001,727.266741870967,323,568.175084604838
202,1512.2792937399681,186,1711.15569823435,217.00000000000023,1239.6649861738397,246.99999999999997,1000.8732200381737,272,712.8038639376819,323.9999999999998,568.1750846048371
203,1512.2792937399681,186.9999999999999,1701.685393258427,218.00000000000023,1196.8961416461177,247.99999999999997,986.462737634879,273,712.8038639376828,324.9999999999998,568.175084604838
204,1521.749598715891,187.9999999999999,1701.685393258427,219.00000000000023,1196.896141646118,249.00000000000003,976.8557493660155,274,698.3409860043976,326,568.175084604838
205,1526.4847512038523,189,1696.9502407704656,220.00000000000023,1158.8793909548099,250.00000000000003,972.0522552315842,275,683.8781080711124,326.9999999999998,568.175084604838
206,1535.9550561797755,190,1687.4799357945426,221,1116.1105464270888,251.00000000000003,952.8382786938564,276,693.5200266933025,328,568.175084604838
207,1535.9550561797753,191,1687.4799357945426,222,1116.1105464270886,251.99999999999997,938.4277962905608,277.0000000000001,679.0571487600182,328.9999999999998,568.1750846048371
208,1535.9550561797755,191.9999999999999,1678.0096308186196,223,1087.5979834086074,252.99999999999997,928.8208080216973,278,664.5942708267348,330,568.175084604838
209,1540.690208667737,193,1673.2744783306582,224,1049.5812327172991,253.99999999999997,924.017313887266,279,664.5942708267339,331,568.175084604838
210,1540.690208667737,194,1673.2744783306582,225.00000000000023,1049.5812327172991,255.00000000000003,909.6068314839695,280,654.9523522045438,331.9999999999998,568.175084604838
211,1545.4253611556983,195,1668.5393258426966,226,1035.324951208059,255.99999999999997,899.999843215106,281,640.4894742712604,333,568.175084604838
212,1545.4253611556983,195.9999999999999,1659.0690208667738,227,1025.8207635352317,257,899.999843215106,282.0000000000001,640.4894742712595,333.9999999999998,568.175084604838
213,1545.4253611556983,197,1659.0690208667738,228,1016.316575862405,258,885.5893608118095,283.0000000000001,626.0265963379752,335,568.175084604838
214,1545.4253611556983,198,1654.3338683788122,229.00000000000023,1016.3165758624048,258.9999999999999,880.7858666773791,284.0000000000002,616.384677715786,335.9999999999998,568.175084604838
215,1540.690208667737,199,1644.8635634028892,230.00000000000023,1006.8123881895781,260,880.7858666773782,285.0000000000001,616.384677715786,337,568.175084604838
216,1540.690208667737,199.9999999999999,1635.3932584269664,231,1002.0602943531644,261,866.3753842740825,286.0000000000001,611.5637184046909,338,568.175084604838
217,1526.4847512038523,201,1635.3932584269664,232.00000000000023,1002.0602943531644,262.0000000000001,861.5718901396513,287,611.5637184046909,338.9999999999998,568.175084604838
218,1507.5441412520065,202,1625.9229534510437,233.00000000000023,992.5561066803375,263,861.5718901396513,288.0000000000001,606.7427590935959,339.9999999999998,568.175084604838
219,1488.6035313001607,203,1616.4526484751204,234.00000000000023,973.547731334683,264,847.1614077363556,289,606.7427590935949,341,568.175084604838
220,1488.6035313001607,203.9999999999999,1616.4526484751204,235,973.5477313346837,265,837.5544194674912,290.0000000000002,606.7427590935959,342,568.175084604838
221,1469.6629213483147,204.9999999999999,1606.9823434991974,236.00000000000023,968.7956374982698,266,837.5544194674922,291.0000000000001,606.7427590935949,343,568.175084604838
222,1450.7223113964687,206,1592.776886035313,237.00000000000023,954.5393559890292,267,827.9474311986278,292.0000000000002,606.7427590935949,343.9999999999998,568.175084604839
223,1450.7223113964687,207,1592.776886035313,238,954.5393559890292,268,818.3404429297643,293,601.9217997825017,345,568.1750846048371
224,1427.0465489566611,207.9999999999999,1578.571428571429,239,949.7872621526155,269.0000000000001,818.3404429297652,293.9999999999999,597.1008404714066,345.9999999999998,568.175084604838
224.99999999999994,1408.1059390048154,208.9999999999999,1569.1011235955057,240.00000000000023,945.0351683162028,269.9999999999999,808.7334546609009,295,597.1008404714066,346.9999999999998,568.175084604838
226,1408.1059390048154,210,1569.1011235955057,241.00000000000023,935.5309806433754,271,799.1264663920374,295.9999999999999,597.1008404714066,348,568.175084604838
226.99999999999994,1389.1653290529696,211,1550.1605136436597,242,935.5309806433752,272,799.1264663920365,297.0000000000001,597.1008404714066,349,568.175084604839
228,1370.2247191011238,211.9999999999999,1535.9550561797753,243,926.0267929705483,273,794.3229722576043,298,597.1008404714066,349.9999999999998,563.3541252937421
228.99999999999994,1370.2247191011238,212.9999999999999,1535.9550561797753,244.00000000000023,916.5226052977216,274,779.9124898543087,299,597.1008404714057,350.9999999999998,563.3541252937421
230,1351.284109149278,214,1512.279293739968,245,916.5226052977214,275,775.1089957198765,299.9999999999999,597.1008404714066,351.9999999999998,563.354125293743
230.99999999999994,1332.3434991974318,215,1498.0738362760835,246.00000000000023,902.2663237884813,276,775.1089957198783,301,597.1008404714057,352.9999999999998,563.3541252937421
232,1332.3434991974318,215.9999999999999,1483.8683788121991,247,892.7621361156539,277,760.6985133165826,302,597.1008404714066,353.9999999999998,563.354125293743
232.99999999999994,1308.6677367576244,216.9999999999999,1483.8683788121991,248.00000000000023,892.7621361156534,277.9999999999999,760.6985133165826,302.9999999999999,597.1008404714057,354.9999999999998,563.3541252937421
234,1284.991974317817,218,1460.1926163723917,249,883.2579484428272,279,760.6985133165826,304,597.1008404714066,355.9999999999998,563.3541252937421
234.99999999999994,1270.7865168539329,219,1441.252006420546,250,869.0016669335864,280,751.0915250477174,305,597.1008404714066,357,563.354125293743
236,1270.7865168539327,219.9999999999999,1441.252006420546,251,869.0016669335864,281,746.288030913287,306.0000000000001,592.2798811603116,357.9999999999998,563.3541252937421
236.99999999999994,1251.8459069020869,220.9999999999999,1393.9004815409312,252,859.4974792607591,282,746.2880309132861,307,592.2798811603116,358.9999999999998,558.5331659826479
238,1228.1701444622797,222,1374.9598715890852,253.00000000000023,845.2411977515185,283,751.0915250477183,308.0000000000001,592.2798811603116,359.9999999999998,558.5331659826488
238.99999999999994,1228.1701444622795,223,1374.9598715890852,254,830.9849162422784,284,741.4845367788548,309,592.2798811603116,153.14877434947948,268.2350854241258
240,1213.9646869983949,223.9999999999999,1356.0192616372392,255.00000000000023,830.9849162422784,285,741.4845367788557,310,592.2798811603107,148.77035821590516,261.0508110025812
240.99999999999994,1185.5537720706263,224.9999999999999,1332.3434991974318,256.0000000000002,816.728634733038,286,731.8775485099914,311.0000000000001,592.2798811603116,146.61108462587435,239.27625087308752
242,1185.553772070626,226,1332.3434991974318,257,802.4723532237972,287,731.8775485099914,312.0000000000001,592.2798811603107,141.13507101123105,232.1141501380298
242.99999999999994,1166.6131621187803,227,1322.873194221509,258,802.4723532237977,287.9999999999999,727.0740543755592,313,592.2798811603116,136.76862866835927,217.65690654899754
244,1147.6725521669343,227.9999999999999,1308.6677367576244,259,792.9681655509701,289,722.270560241127,314.0000000000001,592.2798811603107,132.3782387440824,217.7456012949424
244.99999999999994,1147.6725521669346,228.9999999999999,1275.5216693418943,260.0000000000002,778.7118840417297,290,717.4670661066948,314.9999999999999,597.1008404714075,125.80462764836966,210.60567424637065
246,1128.7319422150886,230,1275.5216693418943,261,778.7118840417297,291,712.6635719722644,315.9999999999999,597.1008404714066,122.52380899586456,203.39922613834096
246.99999999999994,1109.7913322632426,231,1251.845906902087,262,759.7035086960757,292,712.6635719722635,317,597.1008404714075,117.03582159051848,203.5100945707727
248,1090.8507223113968,231.9999999999999,1228.1701444622797,263.0000000000002,745.4472271868356,293,703.0565837034001,318.0000000000001,597.1008404714066,106.05984677982633,203.73183143563529
248.99999999999994,1090.8507223113966,232.9999999999999,1228.1701444622797,264.0000000000002,745.4472271868351,294,698.2530895689679,319,597.1008404714057,111.5478341851724,203.62096300320354
250,1067.1749598715892,234,1204.4943820224723,265.0000000000002,735.9430395140084,295,698.2530895689688,320,597.1008404714066,100.57185937448025,203.84269986806612
250.99999999999994,1048.234349919743,235,1171.3483146067417,266,716.9346641683542,296,683.8426071656722,320.9999999999999,597.1008404714066,96.1814694502034,203.93139461401097
252,1048.2343499197439,235.9999999999999,1171.3483146067417,267.0000000000002,707.430476495527,297,683.8426071656722,321.9999999999999,597.1008404714057,89.5958845637881,204.0644367329287
252.99999999999994,1024.5585874799358,236.9999999999999,1147.6725521669343,268.0000000000002,707.4304764955275,298,683.8426071656722,323,597.1008404714066,84.10789715844203,204.17530516536044
254,1005.6179775280903,238,1133.46709470305,269,693.1741949862869,299,679.039113031241,324.0000000000001,597.1008404714057,80.81510471523438,204.2418262248184
254.99999999999994,1005.61797752809,239,1133.46709470305,270.0000000000002,674.1658196406327,300,679.03911303124,325,597.1008404714075,77.52231227202674,204.30834728427726
256,986.6773675762443,239.9999999999999,1114.526484751204,271,674.1658196406327,301,679.039113031241,326,597.1008404714066,154.23439803984616,275.4858809051284
256.99999999999994,967.7367576243987,240.9999999999999,1090.8507223113966,272.0000000000002,664.6616319678058,302,679.03911303124,327,597.1008404714057,148.77035821590516,261.0508110025812
258,967.7367576243983,242,1090.8507223113966,273,650.4053504585652,303,669.4321247623766,327.9999999999999,597.1008404714066,144.41588966373592,239.3205982460604
258.99999999999994,948.7961476725523,243,1076.6452648475122,274.0000000000002,650.4053504585654,304,669.4321247623784,329,601.9217997825008,140.04944732086437,224.86335465702723
260,929.8555377207065,243.9999999999999,1052.9695024077048,275.0000000000002,640.9011627857383,305.0000000000001,669.4321247623775,330,601.9217997825017,134.57343370622084,217.7012539219695
260.99999999999994,929.8555377207067,244.9999999999999,1034.0288924558592,276.0000000000002,631.3969751129112,306,669.4321247623784,331.0000000000001,601.9217997825008,130.19501757264652,210.5169795004249
262,910.9149277688605,246,1034.0288924558592,277.0000000000002,631.3969751129116,307,669.4321247623775,332,601.9217997825017,126.90222512943888,210.58350055988376
262.99999999999994,891.9743178170147,247,1019.8234349919744,278,617.1406936036708,308,669.4321247623775,333.0000000000001,601.9217997825008,119.21904276195437,210.73871636528747
264,873.0337078651689,247.9999999999999,967.7367576243983,279,621.8927874400845,309,664.6286306279453,334.0000000000001,601.9217997825008,,
265,873.0337078651687,248.9999999999999,967.7367576243983,280,617.1406936036703,310,669.4321247623775,335,601.9217997825017,,
266,854.0930979133229,250,953.5313001605139,281,617.1406936036706,311,669.4321247623775,335.9999999999999,597.1008404714066,,
267,830.4173354735155,251,939.3258426966297,282,607.6365059308444,312,669.4321247623775,336.9999999999999,597.1008404714066,,
268,830.4173354735158,251.9999999999999,939.3258426966297,283,607.6365059308439,313,669.4321247623775,338,597.1008404714066,,
269,811.4767255216696,252.9999999999999,953.5313001605139,284,607.6365059308432,314,669.4321247623784,339,597.1008404714066,,
270,792.5361155698233,254,939.3258426966297,285,598.1323182580165,316,659.8251364935131,340,597.1008404714066,,
271,792.5361155698238,255,939.3258426966297,286,593.3802244216035,317,659.8251364935131,341,597.1008404714066,,
272,768.8603531300162,256,925.1203852327449,287,593.3802244216031,317.9999999999999,659.8251364935131,342.0000000000001,592.2798811603116,,
273,754.654895666132,256.9999999999999,906.1797752808991,288.0000000000002,588.6281305851896,319,659.8251364935131,343,592.2798811603116,,
273.99999999999994,754.654895666132,258,891.9743178170149,289.0000000000002,588.6281305851899,320,659.8251364935131,344,592.2798811603116,,
275,730.9791332263246,259,891.9743178170149,290.0000000000002,588.6281305851896,320.9999999999999,659.8251364935122,345.0000000000001,592.2798811603107,,
275.99999999999994,716.7736757624402,260,877.7688603531301,291.0000000000002,583.8760367487766,322,655.0216423590819,346,592.2798811603125,,
277,693.0979133226326,260.9999999999999,868.2985553772075,292,564.8676614031222,323,655.0216423590809,347.0000000000001,592.2798811603116,,
277.99999999999994,693.0979133226328,261.9999999999999,868.2985553772075,293.0000000000002,564.8676614031224,324,655.0216423590819,348.0000000000001,592.2798811603107,,
279,674.1573033707868,263,858.8282504012843,294.0000000000002,564.8676614031222,325,655.0216423590809,349,592.2798811603116,,
279.99999999999994,659.9518459069025,264,849.3579454253613,295,564.8676614031219,325.9999999999999,655.02164235908,350,592.2798811603116,,
281,659.9518459069025,264.9999999999999,849.3579454253613,296,564.8676614031226,327,655.0216423590809,101.65072115118119,259.12663658636393,,
281.99999999999994,636.2760834670951,265.9999999999999,830.4173354735158,297,564.8676614031224,328,655.0216423590809,61.10218063700768,221.94383778809788,,
283,631.5409309791337,267,820.9470304975928,298,564.8676614031222,329,655.0216423590819,57.80960721927215,221.87732115339622,,
283.99999999999994,631.5409309791335,268,820.9470304975928,299.0000000000002,560.1155675667085,330,655.0216423590819,56.71208274669368,221.8551489418287,,
285,612.6003210272879,268.9999999999999,811.4767255216696,300.0000000000002,560.1155675667094,331,655.0216423590809,65.50425152156811,214.7600412403126,,
285.99999999999994,603.1300160513647,269.9999999999999,802.0064205457466,301.0000000000002,560.1155675667089,332,650.2181482246488,68.79682493930363,214.82655787501426,,
287,603.1300160513649,271,802.0064205457466,302,560.1155675667087,333,650.2181482246497,72.08939835703916,214.89307450971592,,
287.99999999999994,579.4542536115573,272,792.5361155698236,303.0000000000002,560.1155675667087,334,650.2181482246497,89.64978991829548,215.24782989479172,,
289,565.2487961476727,272.9999999999999,783.065810593901,304,560.1155675667085,335,650.2181482246497,92.94236333603101,215.31434652949338,,
289.99999999999994,565.2487961476731,273.9999999999999,768.8603531300162,305,560.1155675667092,336,650.2181482246497,96.21099076527389,229.92583395230577,,
291,560.5136436597113,275,768.8603531300162,306.0000000000002,560.1155675667085,337,650.2181482246497,99.47961819451689,244.53732137511815,,
293,560.5136436597113,276,764.1252006420548,307.0000000000002,560.1155675667087,338,650.2181482246488,75.38197177477468,214.95959114441757,,
293.99999999999994,560.5136436597118,276.9999999999999,759.3900481540936,308.0000000000002,560.1155675667085,339,650.2181482246497,79.7720696650888,215.04827999068675,,
295,560.5136436597113,277.9999999999999,759.3900481540936,309.0000000000002,560.1155675667083,340,650.2181482246488,81.96711861024585,215.0926244138209,,
295.99999999999994,560.5136436597115,279,749.9197431781704,310.0000000000002,560.1155675667092,341,650.2181482246497,86.35721650055996,215.18131326009006,,
297,560.5136436597115,280,740.4494382022474,311,560.1155675667085,342,650.2181482246497,,,,
297.99999999999994,560.5136436597113,280.9999999999999,740.4494382022474,312.0000000000002,560.1155675667085,343,650.2181482246497,,,,
299,560.5136436597118,281.9999999999999,730.9791332263244,313,560.1155675667083,344,650.2181482246497,,,,
299.99999999999994,560.5136436597113,283,726.243980738363,314,560.1155675667092,345,650.2181482246497,,,,
301,560.5136436597115,284,726.243980738363,315.0000000000002,560.1155675667087,346,655.0216423590809,,,,
301.99999999999994,560.5136436597115,284.9999999999999,721.5088282504014,316,560.1155675667087,347,655.0216423590819,,,,
303,560.5136436597115,285.9999999999999,721.5088282504014,317.0000000000002,560.1155675667085,348,650.2181482246488,,,,
303.99999999999994,560.5136436597118,287,712.0385232744788,318,564.8676614031219,349,650.2181482246497,,,,
305,560.5136436597113,288,712.0385232744788,319,564.8676614031226,350,650.2181482246488,,,,
305.99999999999994,560.5136436597113,288.9999999999999,707.303370786517,320,564.8676614031222,351,650.2181482246497,,,,
307,560.5136436597113,289.9999999999999,702.5682182985556,321,564.8676614031224,352,650.2181482246497,,,,
307.99999999999994,560.5136436597118,291,702.5682182985556,322.0000000000002,564.8676614031222,353,650.2181482246497,,,,
309,560.5136436597115,292,702.5682182985556,323.0000000000002,564.8676614031219,353.9999999999999,650.2181482246497,,,,
309.99999999999994,560.5136436597115,292.9999999999999,693.0979133226326,324.0000000000002,564.8676614031226,355,650.2181482246497,,,,
311,560.5136436597113,293.9999999999999,693.0979133226326,325,564.8676614031222,356,650.2181482246488,,,,
311.99999999999994,560.5136436597113,295,693.0979133226326,326,564.8676614031222,357,650.2181482246497,,,,
313,560.5136436597118,296,683.6276083467096,327.0000000000002,564.8676614031219,357.9999999999999,650.2181482246488,,,,
313.99999999999994,560.5136436597113,296.9999999999999,683.6276083467096,328,564.8676614031226,359,650.2181482246497,,,,
315,560.5136436597115,297.9999999999999,683.6276083467096,329,564.8676614031224,360,650.2181482246497,,,,
316,560.5136436597115,299,683.6276083467096,330,564.8676614031224,75.93425776489573,269.6441707014483,,,,
317,560.5136436597115,300,683.6276083467096,331,564.8676614031222,71.57076512631335,269.55633872402086,,,,
318,560.5136436597118,300.9999999999999,678.8924558587482,332,564.8676614031222,72.66163828595893,269.5782967183777,,,,
319,560.5136436597113,301.9999999999999,678.8924558587482,333.0000000000002,564.8676614031226,68.29814564737654,269.4904647409503,,,,
320,560.5136436597115,303,674.1573033707871,334.0000000000002,564.8676614031224,65.02552616843974,269.42459075787974,,,,
320.99999999999994,560.5136436597113,304,674.1573033707871,335.0000000000002,564.8676614031224,61.741049372550265,276.6048549125526,,,,
322,560.5136436597118,304.9999999999999,674.1573033707871,336.0000000000002,564.8676614031222,58.46842989361349,276.53898092948293,,,,
322.99999999999994,560.5136436597115,305.9999999999999,674.1573033707871,337,564.8676614031219,54.1049372550311,276.4511489520555,,,,
324,560.5136436597115,307,674.1573033707871,338,564.8676614031226,50.8323177760943,276.38527496898496,,,,
324.99999999999994,560.5136436597113,308,674.1573033707871,339.0000000000002,564.8676614031222,48.650571456803135,276.34135898027125,,,,
326,560.5136436597113,308.9999999999999,674.1573033707871,340,564.8676614031219,,,,,,
326.99999999999994,565.2487961476734,309.9999999999999,674.1573033707871,341,564.8676614031219,,,,,,
328,565.2487961476727,311,674.1573033707871,342.0000000000002,569.6197552395361,,,,,,
328.99999999999994,565.2487961476727,312,674.1573033707871,343.0000000000002,569.6197552395361,,,,,,
330,565.2487961476727,312.9999999999999,674.1573033707871,344,569.6197552395358,,,,,,
330.99999999999994,560.5136436597115,313.9999999999999,674.1573033707871,345.0000000000002,569.6197552395356,,,,,,
332,560.5136436597115,315,674.1573033707871,346.0000000000002,569.6197552395356,,,,,,
332.99999999999994,565.2487961476725,316,674.1573033707871,347.0000000000002,574.3718490759495,,,,,,
334,565.2487961476727,316.9999999999999,674.1573033707871,348.0000000000002,574.3718490759491,,,,,,
334.99999999999994,565.2487961476727,317.9999999999999,674.1573033707871,349,574.3718490759493,,,,,,
336,565.2487961476731,318.9999999999999,674.1573033707871,350,574.3718490759491,,,,,,
336.99999999999994,565.2487961476727,320,674.1573033707871,351.0000000000002,579.1239429123625,,,,,,
338,565.2487961476727,321,674.1573033707871,352.0000000000002,579.123942912363,,,,,,
338.99999999999994,565.2487961476727,321.9999999999999,674.1573033707871,353.0000000000002,579.1239429123627,,,,,,
340,565.2487961476725,322.9999999999999,674.1573033707871,354.0000000000002,579.1239429123625,,,,,,
340.99999999999994,565.2487961476731,324,674.1573033707871,355.0000000000002,579.1239429123625,,,,,,
342,565.2487961476727,325,674.1573033707871,356,579.1239429123627,,,,,,
342.99999999999994,565.2487961476727,325.9999999999999,674.1573033707871,357.0000000000002,574.3718490759493,,,,,,
344,565.2487961476725,326.9999999999999,674.1573033707871,358.0000000000002,574.3718490759493,,,,,,
352.3404255319149,564.4376899696053,328,674.1573033707871,359,574.3718490759491,,,,,,
347.9635258358662,564.5245332175427,329,674.1573033707871,360.0000000000002,574.3718490759488,,,,,,
,,329.9999999999999,674.1573033707871,46.497749085059695,256.4855498817865,,,,,,
,,330.9999999999999,674.1573033707871,41.08000734111329,249.20921093825882,,,,,,
,,332,678.8924558587482,36.742704768485055,249.12284489738568,,,,,,
,,333,678.8924558587482,34.57405348217071,249.07966187694956,,,,,,
,,333.9999999999999,678.8924558587482,33.48972783901354,249.0580703667315,,,,,,
,,334.9999999999999,678.8924558587482,30.236750909542252,248.99329583607687,,,,,,
,,336,678.8924558587482,26.983773980070964,248.92852130542224,,,,,,
,,337,678.8924558587482,22.646471407442505,248.84215526454955,,,,,,
,,337.9999999999999,678.8924558587482,20.47782012112816,248.79897224411297,,,,,,
,,338.9999999999999,678.8924558587482,,,,,,,,
,,340,678.8924558587482,,,,,,,,
,,341,678.8924558587482,,,,,,,,
,,341.9999999999999,678.8924558587482,,,,,,,,
,,342.9999999999999,678.8924558587482,,,,,,,,
,,344,678.8924558587482,,,,,,,,
,,345,678.8924558587482,,,,,,,,
,,345.9999999999999,678.8924558587482,,,,,,,,
,,346.9999999999999,678.8924558587482,,,,,,,,
,,348,683.6276083467096,,,,,,,,
,,349,683.6276083467096,,,,,,,,
,,349.9999999999999,683.6276083467096,,,,,,,,
,,350.9999999999999,683.6276083467096,,,,,,,,
,,352,683.6276083467096,,,,,,,,
,,353,678.8924558587482,,,,,,,,
